title,show_folder,filename,path,relative_path,size_bytes,size_gb,resolution,width,height,video_codec,audio_codec,hdr,source,group,duration_minutes,bitrate_mbps,tvdb_id,tmdb_id,imdb_id,year,season,episode,episode_title
1917 (2019),1917 (2019),1917 (2019) {tmdb-530915} - [Bluray-2160p][TrueHD Atmos 7.1][HDR10][x265]-HQMUX.mkv,/mnt/synology/rs-4kmedia/4kmovies/1917 (2019)/1917 (2019) {tmdb-530915} - [Bluray-2160p][TrueHD Atmos 7.1][HDR10][x265]-HQMUX.mkv,1917 (2019)/1917 (2019) {tmdb-530915} - [Bluray-2160p][TrueHD Atmos 7.1][HDR10][x265]-HQMUX.mkv,34041897267,31.7,2160p,3840,1600,H.265,TrueHD,HDR10,BluRay,,119.0,38.14,,530915,,2019,,,
2001 A Space Odyssey (1968),2001 A Space Odyssey (1968),2001 A Space Odyssey (1968) {tmdb-62} - [Remux-2160p Proper][DTS-HD MA 5.1][HDR10][HEVC]-EPSiLON.mkv,/mnt/synology/rs-4kmedia/4kmovies/2001 A Space Odyssey (1968)/2001 A Space Odyssey (1968) {tmdb-62} - [Remux-2160p Proper][DTS-HD MA 5.1][HDR10][HEVC]-EPSiLON.mkv,2001 A Space Odyssey (1968)/2001 A Space Odyssey (1968) {tmdb-62} - [Remux-2160p Proper][DTS-HD MA 5.1][HDR10][HEVC]-EPSiLON.mkv,74945854385,69.8,2160p,3840,2160,H.265,DTS-HD,HDR10,Remux,,148.8,67.15,,62,,1968,,,
A Beautiful Planet (2016),A Beautiful Planet (2016),A Beautiful Planet (2016) {tmdb-365997} - [Bluray-2160p][DTS-X 7.1][HDR10Plus][h265]-BiQ.mkv,/mnt/synology/rs-4kmedia/4kmovies/A Beautiful Planet (2016)/A Beautiful Planet (2016) {tmdb-365997} - [Bluray-2160p][DTS-X 7.1][HDR10Plus][h265]-BiQ.mkv,A Beautiful Planet (2016)/A Beautiful Planet (2016) {tmdb-365997} - [Bluray-2160p][DTS-X 7.1][HDR10Plus][h265]-BiQ.mkv,18584039601,17.31,2160p,3840,2160,H.265,DTS:X,HDR10+,BluRay,,46.3,53.53,,365997,,2016,,,
Ad Astra (2019),Ad Astra (2019),Ad Astra (2019) {tmdb-419704} - [Remux-2160p][TrueHD Atmos 7.1][DV HDR10][h265].mkv,/mnt/synology/rs-4kmedia/4kmovies/Ad Astra (2019)/Ad Astra (2019) {tmdb-419704} - [Remux-2160p][TrueHD Atmos 7.1][DV HDR10][h265].mkv,Ad Astra (2019)/Ad Astra (2019) {tmdb-419704} - [Remux-2160p][TrueHD Atmos 7.1][DV HDR10][h265].mkv,49566136891,46.16,2160p,3840,2160,H.265,TrueHD,DV HDR10,Remux,,123.0,53.71,,419704,,2019,,,
Alien (1979),Alien (1979),Alien (1979) {tmdb-348} - [WEBDL-2160p][DTS-HD MA 5.1][HDR10Plus][h265]-SHD.mkv,/mnt/synology/rs-4kmedia/4kmovies/Alien (1979)/Alien (1979) {tmdb-348} - [WEBDL-2160p][DTS-HD MA 5.1][HDR10Plus][h265]-SHD.mkv,Alien (1979)/Alien (1979) {tmdb-348} - [WEBDL-2160p][DTS-HD MA 5.1][HDR10Plus][h265]-SHD.mkv,47088697231,43.85,2160p,3840,2160,H.265,DTS-HD,HDR10+,WEB-DL,,115.8,54.2,,348,,1979,,,
Alien (1979),Alien (1979),Alien (1979) {tmdb-348} - [Bluray-2160p][DTS-HD MA 5.1][HDR10][x265]-IAMABLE.mkv,/mnt/synology/rs-4kmedia/4kmovies/Alien (1979)/Alien (1979) {tmdb-348} - [Bluray-2160p][DTS-HD MA 5.1][HDR10][x265]-IAMABLE.mkv,Alien (1979)/Alien (1979) {tmdb-348} - [Bluray-2160p][DTS-HD MA 5.1][HDR10][x265]-IAMABLE.mkv,24946091901,23.23,2160p,3840,1600,H.265,DTS-HD,HDR10,BluRay,,115.8,28.72,,348,,1979,,,
Alien Romulus (2024),Alien Romulus (2024),Alien Romulus (2024) {tmdb-945961} - [WEBDL-2160p][EAC3 Atmos 5.1][DV HDR10Plus][h265]-FLUX.mkv,/mnt/synology/rs-4kmedia/4kmovies/Alien Romulus (2024)/Alien Romulus (2024) {tmdb-945961} - [WEBDL-2160p][EAC3 Atmos 5.1][DV HDR10Plus][h265]-FLUX.mkv,Alien Romulus (2024)/Alien Romulus (2024) {tmdb-945961} - [WEBDL-2160p][EAC3 Atmos 5.1][DV HDR10Plus][h265]-FLUX.mkv,22572936253,21.02,2160p,3840,1606,H.265,DD+,DV HDR10,WEB-DL,,118.9,25.31,,945961,,2024,,,
Aliens (1986),Aliens (1986),Aliens (1986) {tmdb-679} - {edition-Special Edition} [Bluray-2160p][TrueHD Atmos 7.1][DV HDR10][x265]-W4NK3R.mkv,/mnt/synology/rs-4kmedia/4kmovies/Aliens (1986)/Aliens (1986) {tmdb-679} - {edition-Special Edition} [Bluray-2160p][TrueHD Atmos 7.1][DV HDR10][x265]-W4NK3R.mkv,Aliens (1986)/Aliens (1986) {tmdb-679} - {edition-Special Edition} [Bluray-2160p][TrueHD Atmos 7.1][DV HDR10][x265]-W4NK3R.mkv,56481561613,52.6,2160p,3840,2072,H.265,TrueHD,DV HDR10,BluRay,,154.5,48.75,,679,,1986,,,
Alita Battle Angel (2019),Alita Battle Angel (2019),Alita Battle Angel (2019) {tmdb-399579} - [Bluray-2160p Proper][TrueHD Atmos 7.1][HDR10Plus][x265]-DON.mkv,/mnt/synology/rs-4kmedia/4kmovies/Alita Battle Angel (2019)/Alita Battle Angel (2019) {tmdb-399579} - [Bluray-2160p Proper][TrueHD Atmos 7.1][HDR10Plus][x265]-DON.mkv,Alita Battle Angel (2019)/Alita Battle Angel (2019) {tmdb-399579} - [Bluray-2160p Proper][TrueHD Atmos 7.1][HDR10Plus][x265]-DON.mkv,31571701225,29.4,2160p,3840,1608,H.265,TrueHD,HDR10+,BluRay,,122.0,34.52,,399579,,2019,,,
Ant-Man (2015),Ant-Man (2015),Ant-Man (2015) {tmdb-102899} - [Bluray-2160p][TrueHD Atmos 7.1][DV HDR10][x265]-W4NK3R.mkv,/mnt/synology/rs-4kmedia/4kmovies/Ant-Man (2015)/Ant-Man (2015) {tmdb-102899} - [Bluray-2160p][TrueHD Atmos 7.1][DV HDR10][x265]-W4NK3R.mkv,Ant-Man (2015)/Ant-Man (2015) {tmdb-102899} - [Bluray-2160p][TrueHD Atmos 7.1][DV HDR10][x265]-W4NK3R.mkv,19207971893,17.89,2160p,3840,2076,H.265,TrueHD,DV HDR10,BluRay,,117.1,21.87,,102899,,2015,,,
Ant-Man and the Wasp (2018),Ant-Man and the Wasp (2018),Ant-Man and the Wasp (2018) {tmdb-363088} - [Bluray-2160p][TrueHD Atmos 7.1][DV HDR10][x265]-W4NK3R.mkv,/mnt/synology/rs-4kmedia/4kmovies/Ant-Man and the Wasp (2018)/Ant-Man and the Wasp (2018) {tmdb-363088} - [Bluray-2160p][TrueHD Atmos 7.1][DV HDR10][x265]-W4NK3R.mkv,Ant-Man and the Wasp (2018)/Ant-Man and the Wasp (2018) {tmdb-363088} - [Bluray-2160p][TrueHD Atmos 7.1][DV HDR10][x265]-W4NK3R.mkv,22279565978,20.75,2160p,3840,1608,H.265,TrueHD,DV HDR10,BluRay,,118.2,25.14,,363088,,2018,,,
Ant-Man and the Wasp Quantumania (2023),Ant-Man and the Wasp Quantumania (2023),Ant-Man and the Wasp Quantumania (2023) {tmdb-640146} - [Bluray-2160p][TrueHD Atmos 7.1][DV HDR10][x265]-SPHD.mkv,/mnt/synology/rs-4kmedia/4kmovies/Ant-Man and the Wasp Quantumania (2023)/Ant-Man and the Wasp Quantumania (2023) {tmdb-640146} - [Bluray-2160p][TrueHD Atmos 7.1][DV HDR10][x265]-SPHD.mkv,Ant-Man and the Wasp Quantumania (2023)/Ant-Man and the Wasp Quantumania (2023) {tmdb-640146} - [Bluray-2160p][TrueHD Atmos 7.1][DV HDR10][x265]-SPHD.mkv,35845429655,33.38,2160p,3840,1608,H.265,TrueHD,DV HDR10,BluRay,,124.5,38.39,,640146,,2023,,,
Apocalypse Now (1979),Apocalypse Now (1979),Apocalypse Now (1979) {tmdb-28} - [Bluray-2160p][TrueHD 5.1][HDR10][x265]-JustWatch.mkv,/mnt/synology/rs-4kmedia/4kmovies/Apocalypse Now (1979)/Apocalypse Now (1979) {tmdb-28} - [Bluray-2160p][TrueHD 5.1][HDR10][x265]-JustWatch.mkv,Apocalypse Now (1979)/Apocalypse Now (1979) {tmdb-28} - [Bluray-2160p][TrueHD 5.1][HDR10][x265]-JustWatch.mkv,38708906198,36.05,2160p,3840,1608,H.265,TrueHD,HDR10,BluRay,,196.1,26.32,,28,,1979,,,
Apollo 13 (1995),Apollo 13 (1995),Apollo 13 (1995) {tmdb-568} - [Remux-2160p][DTS-X 7.1][HDR10][h265].mkv,/mnt/synology/rs-4kmedia/4kmovies/Apollo 13 (1995)/Apollo 13 (1995) {tmdb-568} - [Remux-2160p][DTS-X 7.1][HDR10][h265].mkv,Apollo 13 (1995)/Apollo 13 (1995) {tmdb-568} - [Remux-2160p][DTS-X 7.1][HDR10][h265].mkv,46451106405,43.26,2160p,3840,2160,H.265,DTS:X,HDR10,Remux,,139.9,44.29,,568,,1995,,,
Army of the Dead (2021),Army of the Dead (2021),Army of the Dead (2021) {tmdb-503736} - [NF][WEBRip-2160p][EAC3 Atmos 5.1][HDR10][x265]-TrollUHD-FZ.mkv,/mnt/synology/rs-4kmedia/4kmovies/Army of the Dead (2021)/Army of the Dead (2021) {tmdb-503736} - [NF][WEBRip-2160p][EAC3 Atmos 5.1][HDR10][x265]-TrollUHD-FZ.mkv,Army of the Dead (2021)/Army of the Dead (2021) {tmdb-503736} - [NF][WEBRip-2160p][EAC3 Atmos 5.1][HDR10][x265]-TrollUHD-FZ.mkv,19719614305,18.37,2160p,3840,2160,H.265,DD+,HDR10,WEBRip,,148.4,17.72,,503736,,2021,,,
Avatar (2009),Avatar (2009),Avatar (2009) {tmdb-19995} - [Remux-2160p Proper][TrueHD Atmos 7.1][HDR10][HEVC]-FraMeSToR.mkv,/mnt/synology/rs-4kmedia/4kmovies/Avatar (2009)/Avatar (2009) {tmdb-19995} - [Remux-2160p Proper][TrueHD Atmos 7.1][HDR10][HEVC]-FraMeSToR.mkv,Avatar (2009)/Avatar (2009) {tmdb-19995} - [Remux-2160p Proper][TrueHD Atmos 7.1][HDR10][HEVC]-FraMeSToR.mkv,76504491782,71.25,2160p,3840,2160,H.265,TrueHD,HDR10,Remux,,162.0,62.95,,19995,,2009,,,
Avatar The Way of Water (2022),Avatar The Way of Water (2022),Avatar The Way of Water (2022) {tmdb-76600} - [WEBDL-2160p][EAC3 Atmos 5.1][h265].mkv,/mnt/synology/rs-4kmedia/4kmovies/Avatar The Way of Water (2022)/Avatar The Way of Water (2022) {tmdb-76600} - [WEBDL-2160p][EAC3 Atmos 5.1][h265].mkv,Avatar The Way of Water (2022)/Avatar The Way of Water (2022) {tmdb-76600} - [WEBDL-2160p][EAC3 Atmos 5.1][h265].mkv,30415582303,28.33,2160p,3840,2072,H.265,DD+,,WEB-DL,,192.6,21.05,,76600,,2022,,,
Avengers Age of Ultron (2015),Avengers Age of Ultron (2015),Avengers Age of Ultron (2015) {tmdb-99861} - [Bluray-2160p][TrueHD Atmos 7.1][HDR10][x265]-Absinth.mkv,/mnt/synology/rs-4kmedia/4kmovies/Avengers Age of Ultron (2015)/Avengers Age of Ultron (2015) {tmdb-99861} - [Bluray-2160p][TrueHD Atmos 7.1][HDR10][x265]-Absinth.mkv,Avengers Age of Ultron (2015)/Avengers Age of Ultron (2015) {tmdb-99861} - [Bluray-2160p][TrueHD Atmos 7.1][HDR10][x265]-Absinth.mkv,17747412970,16.53,2160p,3840,1604,H.265,TrueHD,HDR10,BluRay,,141.3,16.75,,99861,,2015,,,
Avengers Endgame (2019),Avengers Endgame (2019),Avengers Endgame (2019) {tmdb-299534} - [WEBDL-2160p][TrueHD Atmos 7.1][DV][h265]-TEPES.mkv,/mnt/synology/rs-4kmedia/4kmovies/Avengers Endgame (2019)/Avengers Endgame (2019) {tmdb-299534} - [WEBDL-2160p][TrueHD Atmos 7.1][DV][h265]-TEPES.mkv,Avengers Endgame (2019)/Avengers Endgame (2019) {tmdb-299534} - [WEBDL-2160p][TrueHD Atmos 7.1][DV][h265]-TEPES.mkv,37022636798,34.48,2160p,3840,2160,H.265,TrueHD,DV,WEB-DL,,182.1,27.11,,299534,,2019,,,
Avengers Infinity War (2018),Avengers Infinity War (2018),Avengers Infinity War (2018) {tmdb-299536} - [Remux-2160p][TrueHD Atmos 7.1][HDR10][HEVC]-EPSiLON.mkv,/mnt/synology/rs-4kmedia/4kmovies/Avengers Infinity War (2018)/Avengers Infinity War (2018) {tmdb-299536} - [Remux-2160p][TrueHD Atmos 7.1][HDR10][HEVC]-EPSiLON.mkv,Avengers Infinity War (2018)/Avengers Infinity War (2018) {tmdb-299536} - [Remux-2160p][TrueHD Atmos 7.1][HDR10][HEVC]-EPSiLON.mkv,57701380611,53.74,2160p,3840,2160,H.265,TrueHD,HDR10,Remux,,149.4,51.51,,299536,,2018,,,
Batman Begins (2005),Batman Begins (2005),Batman Begins (2005) {tmdb-272} - [Remux-2160p][DTS-HD MA 5.1][HDR10][HEVC]-EPSiLON.mkv,/mnt/synology/rs-4kmedia/4kmovies/Batman Begins (2005)/Batman Begins (2005) {tmdb-272} - [Remux-2160p][DTS-HD MA 5.1][HDR10][HEVC]-EPSiLON.mkv,Batman Begins (2005)/Batman Begins (2005) {tmdb-272} - [Remux-2160p][DTS-HD MA 5.1][HDR10][HEVC]-EPSiLON.mkv,59749548217,55.65,2160p,3840,2160,H.265,DTS-HD,HDR10,Remux,,140.1,56.88,,272,,2005,,,
Batman v Superman Dawn of Justice (2016),Batman v Superman Dawn of Justice (2016),Batman v Superman Dawn of Justice (2016) {tmdb-209112} - {edition-Ultimate Edition IMAX} [Bluray-2160p][TrueHD Atmos 7.1][DV HDR10][x265]-W4NK3R.mkv,/mnt/synology/rs-4kmedia/4kmovies/Batman v Superman Dawn of Justice (2016)/Batman v Superman Dawn of Justice (2016) {tmdb-209112} - {edition-Ultimate Edition IMAX} [Bluray-2160p][TrueHD Atmos 7.1][DV HDR10][x265]-W4NK3R.mkv,Batman v Superman Dawn of Justice (2016)/Batman v Superman Dawn of Justice (2016) {tmdb-209112} - {edition-Ultimate Edition IMAX} [Bluray-2160p][TrueHD Atmos 7.1][DV HDR10][x265]-W4NK3R.mkv,59648956512,55.55,2160p,3840,2160,H.265,TrueHD,DV HDR10,BluRay,,182.6,43.56,,209112,,2016,,,
Black Adam (2022),Black Adam (2022),Black Adam (2022) {tmdb-436270} - [WEBDL-2160p Proper][EAC3 Atmos 5.1][DV HDR10][h265].mkv,/mnt/synology/rs-4kmedia/4kmovies/Black Adam (2022)/Black Adam (2022) {tmdb-436270} - [WEBDL-2160p Proper][EAC3 Atmos 5.1][DV HDR10][h265].mkv,Black Adam (2022)/Black Adam (2022) {tmdb-436270} - [WEBDL-2160p Proper][EAC3 Atmos 5.1][DV HDR10][h265].mkv,23873746974,22.23,2160p,3840,2160,H.265,DD+,DV HDR10,WEB-DL,,124.8,25.5,,436270,,2022,,,
Black Panther Wakanda Forever (2022),Black Panther Wakanda Forever (2022),Black Panther Wakanda Forever (2022) {tmdb-505642} - [Bluray-2160p][EAC3 7.1][DV HDR10][x265]-HONE.mkv,/mnt/synology/rs-4kmedia/4kmovies/Black Panther Wakanda Forever (2022)/Black Panther Wakanda Forever (2022) {tmdb-505642} - [Bluray-2160p][EAC3 7.1][DV HDR10][x265]-HONE.mkv,Black Panther Wakanda Forever (2022)/Black Panther Wakanda Forever (2022) {tmdb-505642} - [Bluray-2160p][EAC3 7.1][DV HDR10][x265]-HONE.mkv,23309169894,21.71,2160p,3840,1608,H.265,DD+,DV HDR10,BluRay,,161.3,19.27,,505642,,2022,,,
Black Widow (2021),Black Widow (2021),Black Widow (2021) {tmdb-497698} - [Bluray-2160p][TrueHD Atmos 7.1][HDR10][x265]-HDChina.mkv,/mnt/synology/rs-4kmedia/4kmovies/Black Widow (2021)/Black Widow (2021) {tmdb-497698} - [Bluray-2160p][TrueHD Atmos 7.1][HDR10][x265]-HDChina.mkv,Black Widow (2021)/Black Widow (2021) {tmdb-497698} - [Bluray-2160p][TrueHD Atmos 7.1][HDR10][x265]-HDChina.mkv,27215960800,25.35,2160p,3840,1608,H.265,TrueHD,HDR10,BluRay,,133.8,27.13,,497698,,2021,,,
Blade (1998),Blade (1998),Blade (1998) {tmdb-36647} - [Bluray-2160p][TrueHD Atmos 7.1][HDR10][x265].mkv,/mnt/synology/rs-4kmedia/4kmovies/Blade (1998)/Blade (1998) {tmdb-36647} - [Bluray-2160p][TrueHD Atmos 7.1][HDR10][x265].mkv,Blade (1998)/Blade (1998) {tmdb-36647} - [Bluray-2160p][TrueHD Atmos 7.1][HDR10][x265].mkv,41371012538,38.53,2160p,3840,1608,H.265,TrueHD,HDR10,BluRay,,120.3,45.87,,36647,,1998,,,
Blade Runner (1982),Blade Runner (1982),Blade Runner (1982) {tmdb-78} - {edition-Final Cut} [Remux-2160p][TrueHD Atmos 7.1][HDR10][HEVC]-EPSiLON.mkv,/mnt/synology/rs-4kmedia/4kmovies/Blade Runner (1982)/Blade Runner (1982) {tmdb-78} - {edition-Final Cut} [Remux-2160p][TrueHD Atmos 7.1][HDR10][HEVC]-EPSiLON.mkv,Blade Runner (1982)/Blade Runner (1982) {tmdb-78} - {edition-Final Cut} [Remux-2160p][TrueHD Atmos 7.1][HDR10][HEVC]-EPSiLON.mkv,49237551775,45.86,2160p,3840,2160,H.265,TrueHD,HDR10,Remux,,117.5,55.86,,78,,1982,,,
Bohemian Rhapsody (2018),Bohemian Rhapsody (2018),Bohemian Rhapsody (2018) {tmdb-424694} - [Remux-2160p][TrueHD Atmos 7.1][HDR10Plus][h265].mkv,/mnt/synology/rs-4kmedia/4kmovies/Bohemian Rhapsody (2018)/Bohemian Rhapsody (2018) {tmdb-424694} - [Remux-2160p][TrueHD Atmos 7.1][HDR10Plus][h265].mkv,Bohemian Rhapsody (2018)/Bohemian Rhapsody (2018) {tmdb-424694} - [Remux-2160p][TrueHD Atmos 7.1][HDR10Plus][h265].mkv,43422210379,40.44,2160p,3840,2160,H.265,TrueHD,HDR10+,Remux,,134.6,43.01,,424694,,2018,,,
Braveheart (1995),Braveheart (1995),Braveheart (1995) {tmdb-197} - [Bluray-2160p][TrueHD Atmos 7.1][HDR10][x265]-IAMABLE.mkv,/mnt/synology/rs-4kmedia/4kmovies/Braveheart (1995)/Braveheart (1995) {tmdb-197} - [Bluray-2160p][TrueHD Atmos 7.1][HDR10][x265]-IAMABLE.mkv,Braveheart (1995)/Braveheart (1995) {tmdb-197} - [Bluray-2160p][TrueHD Atmos 7.1][HDR10][x265]-IAMABLE.mkv,56115253261,52.26,2160p,3840,1634,H.265,TrueHD,HDR10,BluRay,,177.7,42.09,,197,,1995,,,
Bumblebee (2018),Bumblebee (2018),Bumblebee (2018) {tmdb-424783} - [Bluray-2160p][TrueHD Atmos 7.1][DV HDR10][x265]-MainFrame.mkv,/mnt/synology/rs-4kmedia/4kmovies/Bumblebee (2018)/Bumblebee (2018) {tmdb-424783} - [Bluray-2160p][TrueHD Atmos 7.1][DV HDR10][x265]-MainFrame.mkv,Bumblebee (2018)/Bumblebee (2018) {tmdb-424783} - [Bluray-2160p][TrueHD Atmos 7.1][DV HDR10][x265]-MainFrame.mkv,32049157604,29.85,2160p,3840,2160,H.265,TrueHD,DV HDR10,BluRay,,113.9,37.52,,424783,,2018,,,
Captain America Civil War (2016),Captain America Civil War (2016),Captain America Civil War (2016) {tmdb-271110} - [Bluray-2160p][EAC3 7.1][DV HDR10][x265]-HONE.mkv,/mnt/synology/rs-4kmedia/4kmovies/Captain America Civil War (2016)/Captain America Civil War (2016) {tmdb-271110} - [Bluray-2160p][EAC3 7.1][DV HDR10][x265]-HONE.mkv,Captain America Civil War (2016)/Captain America Civil War (2016) {tmdb-271110} - [Bluray-2160p][EAC3 7.1][DV HDR10][x265]-HONE.mkv,22456834875,20.91,2160p,3840,1600,H.265,DD+,DV HDR10,BluRay,,147.7,20.27,,271110,,2016,,,
Captain America The First Avenger (2011),Captain America The First Avenger (2011),Captain America The First Avenger (2011) {tmdb-1771} - [Bluray-2160p][TrueHD Atmos 7.1][HDR10][x265]-Absinth.mkv,/mnt/synology/rs-4kmedia/4kmovies/Captain America The First Avenger (2011)/Captain America The First Avenger (2011) {tmdb-1771} - [Bluray-2160p][TrueHD Atmos 7.1][HDR10][x265]-Absinth.mkv,Captain America The First Avenger (2011)/Captain America The First Avenger (2011) {tmdb-1771} - [Bluray-2160p][TrueHD Atmos 7.1][HDR10][x265]-Absinth.mkv,20835593175,19.4,2160p,3840,1600,H.265,TrueHD,HDR10,BluRay,,124.2,22.37,,1771,,2011,,,
Captain America The Winter Soldier (2014),Captain America The Winter Soldier (2014),Captain America The Winter Soldier (2014) {tmdb-100402} - [Bluray-2160p][TrueHD Atmos 7.1][HDR10][HEVC]-d3g.mkv,/mnt/synology/rs-4kmedia/4kmovies/Captain America The Winter Soldier (2014)/Captain America The Winter Soldier (2014) {tmdb-100402} - [Bluray-2160p][TrueHD Atmos 7.1][HDR10][HEVC]-d3g.mkv,Captain America The Winter Soldier (2014)/Captain America The Winter Soldier (2014) {tmdb-100402} - [Bluray-2160p][TrueHD Atmos 7.1][HDR10][HEVC]-d3g.mkv,24323127648,22.65,2160p,3840,1600,H.265,TrueHD,HDR10,BluRay,,135.9,23.86,,100402,,2014,,,
Captain Marvel (2019),Captain Marvel (2019),Captain Marvel (2019) {tmdb-299537} - [Remux-2160p][TrueHD Atmos 7.1][HDR10][h265].mkv,/mnt/synology/rs-4kmedia/4kmovies/Captain Marvel (2019)/Captain Marvel (2019) {tmdb-299537} - [Remux-2160p][TrueHD Atmos 7.1][HDR10][h265].mkv,Captain Marvel (2019)/Captain Marvel (2019) {tmdb-299537} - [Remux-2160p][TrueHD Atmos 7.1][HDR10][h265].mkv,49661673281,46.25,2160p,3840,2160,H.265,TrueHD,HDR10,Remux,,123.7,53.53,,299537,,2019,,,
Close Encounters of the Third Kind (1977),Close Encounters of the Third Kind (1977),Close Encounters of the Third Kind (1977) {tmdb-840} - [Bluray-2160p][DTS-HD MA 5.1][HDR10][x265]-PHOCiS.mkv,/mnt/synology/rs-4kmedia/4kmovies/Close Encounters of the Third Kind (1977)/Close Encounters of the Third Kind (1977) {tmdb-840} - [Bluray-2160p][DTS-HD MA 5.1][HDR10][x265]-PHOCiS.mkv,Close Encounters of the Third Kind (1977)/Close Encounters of the Third Kind (1977) {tmdb-840} - [Bluray-2160p][DTS-HD MA 5.1][HDR10][x265]-PHOCiS.mkv,15761979642,14.68,2160p,3840,1606,H.265,DTS-HD,HDR10,BluRay,,137.2,15.31,,840,,1977,,,
Deadpool (2016),Deadpool (2016),Deadpool (2016) {tmdb-293660} - [Remux-2160p][TrueHD Atmos 7.1][HDR10][h265].mkv,/mnt/synology/rs-4kmedia/4kmovies/Deadpool (2016)/Deadpool (2016) {tmdb-293660} - [Remux-2160p][TrueHD Atmos 7.1][HDR10][h265].mkv,Deadpool (2016)/Deadpool (2016) {tmdb-293660} - [Remux-2160p][TrueHD Atmos 7.1][HDR10][h265].mkv,41528689323,38.68,2160p,3840,2160,H.265,TrueHD,HDR10,Remux,,108.1,51.22,,293660,,2016,,,
Deadpool 2 (2018),Deadpool 2 (2018),Deadpool 2 (2018) {tmdb-383498} - [Remux-2160p][TrueHD Atmos 7.1][HDR10][h265].mkv,/mnt/synology/rs-4kmedia/4kmovies/Deadpool 2 (2018)/Deadpool 2 (2018) {tmdb-383498} - [Remux-2160p][TrueHD Atmos 7.1][HDR10][h265].mkv,Deadpool 2 (2018)/Deadpool 2 (2018) {tmdb-383498} - [Remux-2160p][TrueHD Atmos 7.1][HDR10][h265].mkv,54315216879,50.58,2160p,3840,2160,H.265,TrueHD,HDR10,Remux,,134.0,54.05,,383498,,2018,,,
Doctor Strange (2016),Doctor Strange (2016),Doctor Strange (2016) {tmdb-284052} - [Remux-2160p][TrueHD Atmos 7.1][DV HDR10][h265].mkv,/mnt/synology/rs-4kmedia/4kmovies/Doctor Strange (2016)/Doctor Strange (2016) {tmdb-284052} - [Remux-2160p][TrueHD Atmos 7.1][DV HDR10][h265].mkv,Doctor Strange (2016)/Doctor Strange (2016) {tmdb-284052} - [Remux-2160p][TrueHD Atmos 7.1][DV HDR10][h265].mkv,48931471637,45.57,2160p,3840,2160,H.265,TrueHD,DV HDR10,Remux,,115.0,56.74,,284052,,2016,,,
Doctor Strange in the Multiverse of Madness (2022),Doctor Strange in the Multiverse of Madness (2022),Doctor Strange in the Multiverse of Madness (2022) {tmdb-453395} - [WEBDL-2160p][EAC3 Atmos 5.1][DV][h265].mkv,/mnt/synology/rs-4kmedia/4kmovies/Doctor Strange in the Multiverse of Madness (2022)/Doctor Strange in the Multiverse of Madness (2022) {tmdb-453395} - [WEBDL-2160p][EAC3 Atmos 5.1][DV][h265].mkv,Doctor Strange in the Multiverse of Madness (2022)/Doctor Strange in the Multiverse of Madness (2022) {tmdb-453395} - [WEBDL-2160p][EAC3 Atmos 5.1][DV][h265].mkv,23619362145,22.0,2160p,3840,1608,H.265,DD+,DV,WEB-DL,,126.5,24.89,,453395,,2022,,,
Dune (2021),Dune (2021),Dune (2021) {tmdb-438631} - [Remux-2160p][TrueHD Atmos 7.1][DV HDR10][h265].mkv,/mnt/synology/rs-4kmedia/4kmovies/Dune (2021)/Dune (2021) {tmdb-438631} - [Remux-2160p][TrueHD Atmos 7.1][DV HDR10][h265].mkv,Dune (2021)/Dune (2021) {tmdb-438631} - [Remux-2160p][TrueHD Atmos 7.1][DV HDR10][h265].mkv,74304833230,69.2,2160p,3840,2160,H.265,TrueHD,DV HDR10,Remux,,155.4,63.74,,438631,,2021,,,
Dune Part Two (2024),Dune Part Two (2024),Dune Part Two (2024) {tmdb-693134} - [Bluray-2160p][TrueHD Atmos 7.1][DV HDR10][x265]-MainFrame.mkv,/mnt/synology/rs-4kmedia/4kmovies/Dune Part Two (2024)/Dune Part Two (2024) {tmdb-693134} - [Bluray-2160p][TrueHD Atmos 7.1][DV HDR10][x265]-MainFrame.mkv,Dune Part Two (2024)/Dune Part Two (2024) {tmdb-693134} - [Bluray-2160p][TrueHD Atmos 7.1][DV HDR10][x265]-MainFrame.mkv,35311364523,32.89,2160p,3840,1608,H.265,TrueHD,DV HDR10,BluRay,,165.8,28.39,,693134,,2024,,,
Dunkirk (2017),Dunkirk (2017),Dunkirk (2017) {tmdb-374720} - [Bluray-2160p][DTS 5.1][HDR10][x265]-SadeceBluRay.mkv,/mnt/synology/rs-4kmedia/4kmovies/Dunkirk (2017)/Dunkirk (2017) {tmdb-374720} - [Bluray-2160p][DTS 5.1][HDR10][x265]-SadeceBluRay.mkv,Dunkirk (2017)/Dunkirk (2017) {tmdb-374720} - [Bluray-2160p][DTS 5.1][HDR10][x265]-SadeceBluRay.mkv,20636804084,19.22,2160p,3840,2160,H.265,DTS,HDR10,BluRay,,106.6,25.8,,374720,,2017,,,
E.T. the Extra-Terrestrial (1982),E.T. the Extra-Terrestrial (1982),E.T. the Extra-Terrestrial (1982) {tmdb-601} - [Bluray-2160p][DTS-X 7.1][HDR10][x265]-DEPTH.mkv,/mnt/synology/rs-4kmedia/4kmovies/E.T. the Extra-Terrestrial (1982)/E.T. the Extra-Terrestrial (1982) {tmdb-601} - [Bluray-2160p][DTS-X 7.1][HDR10][x265]-DEPTH.mkv,E.T. the Extra-Terrestrial (1982)/E.T. the Extra-Terrestrial (1982) {tmdb-601} - [Bluray-2160p][DTS-X 7.1][HDR10][x265]-DEPTH.mkv,31756773537,29.58,2160p,3840,2076,H.265,DTS:X,HDR10,BluRay,,114.5,36.99,,601,,1982,,,
Earth One Amazing Day (2017),Earth One Amazing Day (2017),Earth One Amazing Day (2017) {tmdb-464593} - [Remux-2160p][TrueHD Atmos 7.1][HDR10][HEVC]-EPSiLON.mkv,/mnt/synology/rs-4kmedia/4kmovies/Earth One Amazing Day (2017)/Earth One Amazing Day (2017) {tmdb-464593} - [Remux-2160p][TrueHD Atmos 7.1][HDR10][HEVC]-EPSiLON.mkv,Earth One Amazing Day (2017)/Earth One Amazing Day (2017) {tmdb-464593} - [Remux-2160p][TrueHD Atmos 7.1][HDR10][HEVC]-EPSiLON.mkv,46699745404,43.49,2160p,3840,2160,H.265,TrueHD,HDR10,Remux,,93.7,66.43,,464593,,2017,,,
Edge of Tomorrow (2014),Edge of Tomorrow (2014),Edge of Tomorrow (2014) {tmdb-137113} - [Bluray-2160p][TrueHD Atmos 7.1][DV HDR10][x265]-SPHD.mkv,/mnt/synology/rs-4kmedia/4kmovies/Edge of Tomorrow (2014)/Edge of Tomorrow (2014) {tmdb-137113} - [Bluray-2160p][TrueHD Atmos 7.1][DV HDR10][x265]-SPHD.mkv,Edge of Tomorrow (2014)/Edge of Tomorrow (2014) {tmdb-137113} - [Bluray-2160p][TrueHD Atmos 7.1][DV HDR10][x265]-SPHD.mkv,39542871231,36.83,2160p,3840,1600,H.265,TrueHD,DV HDR10,BluRay,,113.5,46.47,,137113,,2014,,,
Furious 7 (2015),Furious 7 (2015),Furious 7 (2015) {tmdb-168259} - [Remux-2160p][DTS-HD MA 7.1][HDR10][h265].mkv,/mnt/synology/rs-4kmedia/4kmovies/Furious 7 (2015)/Furious 7 (2015) {tmdb-168259} - [Remux-2160p][DTS-HD MA 7.1][HDR10][h265].mkv,Furious 7 (2015)/Furious 7 (2015) {tmdb-168259} - [Remux-2160p][DTS-HD MA 7.1][HDR10][h265].mkv,49275282340,45.89,2160p,3840,2160,H.265,DTS-HD,HDR10,Remux,,139.9,46.96,,168259,,2015,,,
Ghostbusters (1984),Ghostbusters (1984),Ghostbusters (1984) {tmdb-620} - [Remux-2160p][TrueHD Atmos 7.1][HDR10][HEVC]-EPSiLON.mkv,/mnt/synology/rs-4kmedia/4kmovies/Ghostbusters (1984)/Ghostbusters (1984) {tmdb-620} - [Remux-2160p][TrueHD Atmos 7.1][HDR10][HEVC]-EPSiLON.mkv,Ghostbusters (1984)/Ghostbusters (1984) {tmdb-620} - [Remux-2160p][TrueHD Atmos 7.1][HDR10][HEVC]-EPSiLON.mkv,51038356876,47.53,2160p,3840,2160,H.265,TrueHD,HDR10,Remux,,105.1,64.73,,620,,1984,,,
Ghostbusters Afterlife (2021),Ghostbusters Afterlife (2021),Ghostbusters Afterlife (2021) {tmdb-425909} - [WEBDL-2160p][EAC3 Atmos 5.1][HDR10][h265].mkv,/mnt/synology/rs-4kmedia/4kmovies/Ghostbusters Afterlife (2021)/Ghostbusters Afterlife (2021) {tmdb-425909} - [WEBDL-2160p][EAC3 Atmos 5.1][HDR10][h265].mkv,Ghostbusters Afterlife (2021)/Ghostbusters Afterlife (2021) {tmdb-425909} - [WEBDL-2160p][EAC3 Atmos 5.1][HDR10][h265].mkv,14051328124,13.09,2160p,3840,1592,H.265,DD+,HDR10,WEB-DL,,123.9,15.12,,425909,,2021,,,
Gladiator (2000),Gladiator (2000),Gladiator (2000) {tmdb-98} - {edition-Extended} [Remux-2160p][DTS-X 7.1][HDR10][HEVC]-FraMeSToR.mkv,/mnt/synology/rs-4kmedia/4kmovies/Gladiator (2000)/Gladiator (2000) {tmdb-98} - {edition-Extended} [Remux-2160p][DTS-X 7.1][HDR10][HEVC]-FraMeSToR.mkv,Gladiator (2000)/Gladiator (2000) {tmdb-98} - {edition-Extended} [Remux-2160p][DTS-X 7.1][HDR10][HEVC]-FraMeSToR.mkv,61270644150,57.06,2160p,3840,2160,H.265,DTS:X,HDR10,Remux,,170.9,47.79,,98,,2000,,,
Godzilla King of the Monsters (2019),Godzilla King of the Monsters (2019),Godzilla King of the Monsters (2019) {tmdb-373571} - [Bluray-2160p][TrueHD Atmos 7.1][HDR10][x265]-HDChina.mkv,/mnt/synology/rs-4kmedia/4kmovies/Godzilla King of the Monsters (2019)/Godzilla King of the Monsters (2019) {tmdb-373571} - [Bluray-2160p][TrueHD Atmos 7.1][HDR10][x265]-HDChina.mkv,Godzilla King of the Monsters (2019)/Godzilla King of the Monsters (2019) {tmdb-373571} - [Bluray-2160p][TrueHD Atmos 7.1][HDR10][x265]-HDChina.mkv,31882560385,29.69,2160p,3840,1600,H.265,TrueHD,HDR10,BluRay,,131.7,32.27,,373571,,2019,,,
Guardians of the Galaxy (2014),Guardians of the Galaxy (2014),Guardians of the Galaxy (2014) {tmdb-118340} - [Bluray-2160p][TrueHD Atmos 7.1][HDR10][x265]-CtrlHD.mkv,/mnt/synology/rs-4kmedia/4kmovies/Guardians of the Galaxy (2014)/Guardians of the Galaxy (2014) {tmdb-118340} - [Bluray-2160p][TrueHD Atmos 7.1][HDR10][x265]-CtrlHD.mkv,Guardians of the Galaxy (2014)/Guardians of the Galaxy (2014) {tmdb-118340} - [Bluray-2160p][TrueHD Atmos 7.1][HDR10][x265]-CtrlHD.mkv,15983422803,14.89,2160p,3840,1600,H.265,TrueHD,HDR10,BluRay,,120.8,17.63,,118340,,2014,,,
Guardians of the Galaxy Vol. 2 (2017),Guardians of the Galaxy Vol. 2 (2017),Guardians of the Galaxy Vol. 2 (2017) {tmdb-283995} - [Bluray-2160p][TrueHD Atmos 7.1][HDR10][x265]-TERMiNAL.mkv,/mnt/synology/rs-4kmedia/4kmovies/Guardians of the Galaxy Vol. 2 (2017)/Guardians of the Galaxy Vol. 2 (2017) {tmdb-283995} - [Bluray-2160p][TrueHD Atmos 7.1][HDR10][x265]-TERMiNAL.mkv,Guardians of the Galaxy Vol. 2 (2017)/Guardians of the Galaxy Vol. 2 (2017) {tmdb-283995} - [Bluray-2160p][TrueHD Atmos 7.1][HDR10][x265]-TERMiNAL.mkv,19054551239,17.75,2160p,3840,1604,H.265,TrueHD,HDR10,BluRay,,135.8,18.71,,283995,,2017,,,
Hacksaw Ridge (2016),Hacksaw Ridge (2016),Hacksaw Ridge (2016) {tmdb-324786} - [Bluray-2160p][TrueHD Atmos 7.1][HDR10][x265]-TERMiNAL.mkv,/mnt/synology/rs-4kmedia/4kmovies/Hacksaw Ridge (2016)/Hacksaw Ridge (2016) {tmdb-324786} - [Bluray-2160p][TrueHD Atmos 7.1][HDR10][x265]-TERMiNAL.mkv,Hacksaw Ridge (2016)/Hacksaw Ridge (2016) {tmdb-324786} - [Bluray-2160p][TrueHD Atmos 7.1][HDR10][x265]-TERMiNAL.mkv,18380179373,17.12,2160p,3840,1610,H.265,TrueHD,HDR10,BluRay,,139.3,17.59,,324786,,2016,,,
Heat (1995),Heat (1995),Heat (1995) {tmdb-949} - {edition-Directors} [WEBDL-2160p][DTS-HD MA 5.1][HDR10][HEVC]-BLUTONiUM.mkv,/mnt/synology/rs-4kmedia/4kmovies/Heat (1995)/Heat (1995) {tmdb-949} - {edition-Directors} [WEBDL-2160p][DTS-HD MA 5.1][HDR10][HEVC]-BLUTONiUM.mkv,Heat (1995)/Heat (1995) {tmdb-949} - {edition-Directors} [WEBDL-2160p][DTS-HD MA 5.1][HDR10][HEVC]-BLUTONiUM.mkv,37818604058,35.22,2160p,3840,2160,H.265,DTS-HD,HDR10,WEB-DL,,170.4,29.59,,949,,1995,,,
Highlander (1986),Highlander (1986),Highlander (1986) {tmdb-8009} - [Bluray-2160p][DTS-HD MA 5.1][DV HDR10][x265]-W4NK3R.mkv,/mnt/synology/rs-4kmedia/4kmovies/Highlander (1986)/Highlander (1986) {tmdb-8009} - [Bluray-2160p][DTS-HD MA 5.1][DV HDR10][x265]-W4NK3R.mkv,Highlander (1986)/Highlander (1986) {tmdb-8009} - [Bluray-2160p][DTS-HD MA 5.1][DV HDR10][x265]-W4NK3R.mkv,54649057706,50.9,2160p,3840,2076,H.265,DTS-HD,DV HDR10,BluRay,,116.8,62.41,,8009,,1986,,,
Inception (2010),Inception (2010),Inception (2010) {tmdb-27205} - [Bluray-2160p][DTS-HD MA 5.1][PQ][x265]-TERMiNAL.mkv,/mnt/synology/rs-4kmedia/4kmovies/Inception (2010)/Inception (2010) {tmdb-27205} - [Bluray-2160p][DTS-HD MA 5.1][PQ][x265]-TERMiNAL.mkv,Inception (2010)/Inception (2010) {tmdb-27205} - [Bluray-2160p][DTS-HD MA 5.1][PQ][x265]-TERMiNAL.mkv,25738220656,23.97,2160p,3840,1598,H.265,DTS-HD,,BluRay,,148.1,23.17,,27205,,2010,,,
Independence Day (1996),Independence Day (1996),Independence Day (1996) {tmdb-602} - [Remux-2160p Proper][DTS-X 7.1][HDR10][h265].mkv,/mnt/synology/rs-4kmedia/4kmovies/Independence Day (1996)/Independence Day (1996) {tmdb-602} - [Remux-2160p Proper][DTS-X 7.1][HDR10][h265].mkv,Independence Day (1996)/Independence Day (1996) {tmdb-602} - [Remux-2160p Proper][DTS-X 7.1][HDR10][h265].mkv,46506723876,43.31,2160p,3840,2160,H.265,DTS:X,HDR10,Remux,,153.6,40.38,,602,,1996,,,
Indiana Jones and the Kingdom of the Crystal Skull (2008),Indiana Jones and the Kingdom of the Crystal Skull (2008),Indiana Jones and the Kingdom of the Crystal Skull (2008) {tmdb-217} - [Bluray-2160p][TrueHD Atmos 7.1][HDR10][x265]-10bit-HDS.mkv,/mnt/synology/rs-4kmedia/4kmovies/Indiana Jones and the Kingdom of the Crystal Skull (2008)/Indiana Jones and the Kingdom of the Crystal Skull (2008) {tmdb-217} - [Bluray-2160p][TrueHD Atmos 7.1][HDR10][x265]-10bit-HDS.mkv,Indiana Jones and the Kingdom of the Crystal Skull (2008)/Indiana Jones and the Kingdom of the Crystal Skull (2008) {tmdb-217} - [Bluray-2160p][TrueHD Atmos 7.1][HDR10][x265]-10bit-HDS.mkv,20947749223,19.51,2160p,3840,1600,H.265,TrueHD,HDR10,BluRay,,122.5,22.8,,217,,2008,,,
Indiana Jones and the Last Crusade (1989),Indiana Jones and the Last Crusade (1989),Indiana Jones and the Last Crusade (1989) {tmdb-89} - [Remux-2160p][TrueHD Atmos 7.1][DV HDR10][h265].mkv,/mnt/synology/rs-4kmedia/4kmovies/Indiana Jones and the Last Crusade (1989)/Indiana Jones and the Last Crusade (1989) {tmdb-89} - [Remux-2160p][TrueHD Atmos 7.1][DV HDR10][h265].mkv,Indiana Jones and the Last Crusade (1989)/Indiana Jones and the Last Crusade (1989) {tmdb-89} - [Remux-2160p][TrueHD Atmos 7.1][DV HDR10][h265].mkv,55349196069,51.55,2160p,3840,2160,H.265,TrueHD,DV HDR10,Remux,,126.9,58.17,,89,,1989,,,
Indiana Jones and the Temple of Doom (1984),Indiana Jones and the Temple of Doom (1984),Indiana Jones and the Temple of Doom (1984) {tmdb-87} - [Bluray-2160p][AC3 5.1][HDR10][x265]-seskapile.mkv,/mnt/synology/rs-4kmedia/4kmovies/Indiana Jones and the Temple of Doom (1984)/Indiana Jones and the Temple of Doom (1984) {tmdb-87} - [Bluray-2160p][AC3 5.1][HDR10][x265]-seskapile.mkv,Indiana Jones and the Temple of Doom (1984)/Indiana Jones and the Temple of Doom (1984) {tmdb-87} - [Bluray-2160p][AC3 5.1][HDR10][x265]-seskapile.mkv,34590806518,32.22,2160p,3840,1634,H.265,DD,HDR10,BluRay,,118.4,38.94,,87,,1984,,,
Interstellar (2014),Interstellar (2014),Interstellar (2014) {tmdb-157336} - [Bluray-2160p][DTS-HD MA 5.1][HDR10][x265]-TERMiNAL.mkv,/mnt/synology/rs-4kmedia/4kmovies/Interstellar (2014)/Interstellar (2014) {tmdb-157336} - [Bluray-2160p][DTS-HD MA 5.1][HDR10][x265]-TERMiNAL.mkv,Interstellar (2014)/Interstellar (2014) {tmdb-157336} - [Bluray-2160p][DTS-HD MA 5.1][HDR10][x265]-TERMiNAL.mkv,35793421662,33.34,2160p,3840,2160,H.265,DTS-HD,HDR10,BluRay,,169.1,28.23,,157336,,2014,,,
Iron Man (2008),Iron Man (2008),Iron Man (2008) {tmdb-1726} - [Bluray-2160p][TrueHD Atmos 7.1][HDR10][x265]-4K4U.mkv,/mnt/synology/rs-4kmedia/4kmovies/Iron Man (2008)/Iron Man (2008) {tmdb-1726} - [Bluray-2160p][TrueHD Atmos 7.1][HDR10][x265]-4K4U.mkv,Iron Man (2008)/Iron Man (2008) {tmdb-1726} - [Bluray-2160p][TrueHD Atmos 7.1][HDR10][x265]-4K4U.mkv,18562287106,17.29,2160p,3840,1600,H.265,TrueHD,HDR10,BluRay,,126.0,19.64,,1726,,2008,,,
Iron Man 2 (2010),Iron Man 2 (2010),Iron Man 2 (2010) {tmdb-10138} - [Bluray-2160p][TrueHD Atmos 7.1][HDR10][x265]-Absinth.mkv,/mnt/synology/rs-4kmedia/4kmovies/Iron Man 2 (2010)/Iron Man 2 (2010) {tmdb-10138} - [Bluray-2160p][TrueHD Atmos 7.1][HDR10][x265]-Absinth.mkv,Iron Man 2 (2010)/Iron Man 2 (2010) {tmdb-10138} - [Bluray-2160p][TrueHD Atmos 7.1][HDR10][x265]-Absinth.mkv,21455014538,19.98,2160p,3840,1600,H.265,TrueHD,HDR10,BluRay,,124.7,22.95,,10138,,2010,,,
Iron Man 3 (2013),Iron Man 3 (2013),Iron Man 3 (2013) {tmdb-68721} - [Bluray-2160p][TrueHD Atmos 7.1][HDR10][x265]-CtrlHD.mkv,/mnt/synology/rs-4kmedia/4kmovies/Iron Man 3 (2013)/Iron Man 3 (2013) {tmdb-68721} - [Bluray-2160p][TrueHD Atmos 7.1][HDR10][x265]-CtrlHD.mkv,Iron Man 3 (2013)/Iron Man 3 (2013) {tmdb-68721} - [Bluray-2160p][TrueHD Atmos 7.1][HDR10][x265]-CtrlHD.mkv,18107178691,16.86,2160p,3840,1600,H.265,TrueHD,HDR10,BluRay,,130.5,18.5,,68721,,2013,,,
Jaws (1975),Jaws (1975),Jaws (1975) {tmdb-578} - [Remux-2160p][TrueHD Atmos 7.1][HDR10Plus][HEVC]-FraMeSToR.mkv,/mnt/synology/rs-4kmedia/4kmovies/Jaws (1975)/Jaws (1975) {tmdb-578} - [Remux-2160p][TrueHD Atmos 7.1][HDR10Plus][HEVC]-FraMeSToR.mkv,Jaws (1975)/Jaws (1975) {tmdb-578} - [Remux-2160p][TrueHD Atmos 7.1][HDR10Plus][HEVC]-FraMeSToR.mkv,70850991846,65.99,2160p,3840,2160,H.265,TrueHD,HDR10+,Remux,,123.9,76.22,,578,,1975,,,
John Wick (2014),John Wick (2014),John Wick (2014) {tmdb-245891} - [Bluray-2160p][TrueHD Atmos 7.1][HDR10][x265]-Absinth.mkv,/mnt/synology/rs-4kmedia/4kmovies/John Wick (2014)/John Wick (2014) {tmdb-245891} - [Bluray-2160p][TrueHD Atmos 7.1][HDR10][x265]-Absinth.mkv,John Wick (2014)/John Wick (2014) {tmdb-245891} - [Bluray-2160p][TrueHD Atmos 7.1][HDR10][x265]-Absinth.mkv,20611078824,19.2,2160p,3840,1600,H.265,TrueHD,HDR10,BluRay,,101.2,27.16,,245891,,2014,,,
John Wick Chapter 2 (2017),John Wick Chapter 2 (2017),John Wick Chapter 2 (2017) {tmdb-324552} - [Remux-2160p][TrueHD Atmos 7.1][HDR10][HEVC]-4K4U.mkv,/mnt/synology/rs-4kmedia/4kmovies/John Wick Chapter 2 (2017)/John Wick Chapter 2 (2017) {tmdb-324552} - [Remux-2160p][TrueHD Atmos 7.1][HDR10][HEVC]-4K4U.mkv,John Wick Chapter 2 (2017)/John Wick Chapter 2 (2017) {tmdb-324552} - [Remux-2160p][TrueHD Atmos 7.1][HDR10][HEVC]-4K4U.mkv,75856633549,70.65,2160p,3840,2160,H.265,TrueHD,HDR10,Remux,,122.4,82.64,,324552,,2017,,,
John Wick Chapter 3 Parabellum (2019),John Wick Chapter 3 Parabellum (2019),John Wick Chapter 3 Parabellum (2019) {tmdb-458156} - [Bluray-2160p][TrueHD Atmos 7.1][HDR10][x265]-CtrlHD.mkv,/mnt/synology/rs-4kmedia/4kmovies/John Wick Chapter 3 Parabellum (2019)/John Wick Chapter 3 Parabellum (2019) {tmdb-458156} - [Bluray-2160p][TrueHD Atmos 7.1][HDR10][x265]-CtrlHD.mkv,John Wick Chapter 3 Parabellum (2019)/John Wick Chapter 3 Parabellum (2019) {tmdb-458156} - [Bluray-2160p][TrueHD Atmos 7.1][HDR10][x265]-CtrlHD.mkv,36121444057,33.64,2160p,3840,1600,H.265,TrueHD,HDR10,BluRay,,130.8,36.83,,458156,,2019,,,
Joker (2019),Joker (2019),Joker (2019) {tmdb-475557} - [Remux-2160p][TrueHD Atmos 7.1][HDR10][HEVC]-EPSiLON.mkv,/mnt/synology/rs-4kmedia/4kmovies/Joker (2019)/Joker (2019) {tmdb-475557} - [Remux-2160p][TrueHD Atmos 7.1][HDR10][HEVC]-EPSiLON.mkv,Joker (2019)/Joker (2019) {tmdb-475557} - [Remux-2160p][TrueHD Atmos 7.1][HDR10][HEVC]-EPSiLON.mkv,50085957811,46.65,2160p,3840,2160,H.265,TrueHD,HDR10,Remux,,121.8,54.82,,475557,,2019,,,
Jungle Cruise (2021),Jungle Cruise (2021),Jungle Cruise (2021) {tmdb-451048} - [Remux-2160p][TrueHD Atmos 7.1][DV HDR10][h265].mkv,/mnt/synology/rs-4kmedia/4kmovies/Jungle Cruise (2021)/Jungle Cruise (2021) {tmdb-451048} - [Remux-2160p][TrueHD Atmos 7.1][DV HDR10][h265].mkv,Jungle Cruise (2021)/Jungle Cruise (2021) {tmdb-451048} - [Remux-2160p][TrueHD Atmos 7.1][DV HDR10][h265].mkv,56642873991,52.75,2160p,3840,2160,H.265,TrueHD,DV HDR10,Remux,,127.3,59.32,,451048,,2021,,,
Jurassic Park (1993),Jurassic Park (1993),Jurassic Park (1993) {tmdb-329} - [Bluray-2160p][TrueHD Atmos 7.1][DV][x265]-HDH.mkv,/mnt/synology/rs-4kmedia/4kmovies/Jurassic Park (1993)/Jurassic Park (1993) {tmdb-329} - [Bluray-2160p][TrueHD Atmos 7.1][DV][x265]-HDH.mkv,Jurassic Park (1993)/Jurassic Park (1993) {tmdb-329} - [Bluray-2160p][TrueHD Atmos 7.1][DV][x265]-HDH.mkv,26056139310,24.27,2160p,3840,2160,H.265,TrueHD,DV,BluRay,,126.5,27.47,,329,,1993,,,
Jurassic World Dominion (2022),Jurassic World Dominion (2022),Jurassic World Dominion (2022) {tmdb-507086} - [WEBDL-2160p][EAC3 Atmos 5.1][DV][h265].mkv,/mnt/synology/rs-4kmedia/4kmovies/Jurassic World Dominion (2022)/Jurassic World Dominion (2022) {tmdb-507086} - [WEBDL-2160p][EAC3 Atmos 5.1][DV][h265].mkv,Jurassic World Dominion (2022)/Jurassic World Dominion (2022) {tmdb-507086} - [WEBDL-2160p][EAC3 Atmos 5.1][DV][h265].mkv,27822721995,25.91,2160p,3840,1918,H.265,DD+,DV,WEB-DL,,147.0,25.24,,507086,,2022,,,
Kingdom of Heaven (2005),Kingdom of Heaven (2005),Kingdom of Heaven (2005) {tmdb-1495} - {edition-Theatrical} [WEBDL-2160p][EAC3 5.1][HDR10][h265]-SMURF.mkv,/mnt/synology/rs-4kmedia/4kmovies/Kingdom of Heaven (2005)/Kingdom of Heaven (2005) {tmdb-1495} - {edition-Theatrical} [WEBDL-2160p][EAC3 5.1][HDR10][h265]-SMURF.mkv,Kingdom of Heaven (2005)/Kingdom of Heaven (2005) {tmdb-1495} - {edition-Theatrical} [WEBDL-2160p][EAC3 5.1][HDR10][h265]-SMURF.mkv,17808565101,16.59,2160p,3840,2160,H.265,DD+,HDR10,WEB-DL,,144.6,16.42,,1495,,2005,,,
Kong Skull Island (2017),Kong Skull Island (2017),Kong Skull Island (2017) {tmdb-293167} - [Bluray-2160p][TrueHD Atmos 7.1][HDR10][x265]-HQMUX.mkv,/mnt/synology/rs-4kmedia/4kmovies/Kong Skull Island (2017)/Kong Skull Island (2017) {tmdb-293167} - [Bluray-2160p][TrueHD Atmos 7.1][HDR10][x265]-HQMUX.mkv,Kong Skull Island (2017)/Kong Skull Island (2017) {tmdb-293167} - [Bluray-2160p][TrueHD Atmos 7.1][HDR10][x265]-HQMUX.mkv,26161201735,24.36,2160p,3840,1600,H.265,TrueHD,HDR10,BluRay,,118.4,29.45,,293167,,2017,,,
Logan (2017),Logan (2017),Logan (2017) {tmdb-263115} - [Bluray-2160p][TrueHD Atmos 7.1][HDR10][x265]-TERMiNAL.mkv,/mnt/synology/rs-4kmedia/4kmovies/Logan (2017)/Logan (2017) {tmdb-263115} - [Bluray-2160p][TrueHD Atmos 7.1][HDR10][x265]-TERMiNAL.mkv,Logan (2017)/Logan (2017) {tmdb-263115} - [Bluray-2160p][TrueHD Atmos 7.1][HDR10][x265]-TERMiNAL.mkv,15936276644,14.84,2160p,3840,1608,H.265,TrueHD,HDR10,BluRay,,137.4,15.47,,263115,,2017,,,
Mad Max Fury Road (2015),Mad Max Fury Road (2015),Mad Max Fury Road (2015) {tmdb-76341} - [Remux-2160p][TrueHD Atmos 7.1][HDR10][HEVC]-BluDragon.mkv,/mnt/synology/rs-4kmedia/4kmovies/Mad Max Fury Road (2015)/Mad Max Fury Road (2015) {tmdb-76341} - [Remux-2160p][TrueHD Atmos 7.1][HDR10][HEVC]-BluDragon.mkv,Mad Max Fury Road (2015)/Mad Max Fury Road (2015) {tmdb-76341} - [Remux-2160p][TrueHD Atmos 7.1][HDR10][HEVC]-BluDragon.mkv,45422906038,42.3,2160p,3840,2160,H.265,TrueHD,HDR10,Remux,,120.4,50.32,,76341,,2015,,,
Man of Steel (2013),Man of Steel (2013),Man of Steel (2013) {tmdb-49521} - [Bluray-2160p][TrueHD Atmos 7.1][DV HDR10][x265]-SPHD.mkv,/mnt/synology/rs-4kmedia/4kmovies/Man of Steel (2013)/Man of Steel (2013) {tmdb-49521} - [Bluray-2160p][TrueHD Atmos 7.1][DV HDR10][x265]-SPHD.mkv,Man of Steel (2013)/Man of Steel (2013) {tmdb-49521} - [Bluray-2160p][TrueHD Atmos 7.1][DV HDR10][x265]-SPHD.mkv,51532340895,47.99,2160p,3840,1600,H.265,TrueHD,DV HDR10,BluRay,,143.0,48.05,,49521,,2013,,,
Master and Commander The Far Side of the World (2003),Master and Commander The Far Side of the World (2003),Master and Commander The Far Side of the World (2003) {tmdb-8619} - [Bluray-2160p][TrueHD Atmos 7.1][DV HDR10][x265]-SPHD.mkv,/mnt/synology/rs-4kmedia/4kmovies/Master and Commander The Far Side of the World (2003)/Master and Commander The Far Side of the World (2003) {tmdb-8619} - [Bluray-2160p][TrueHD Atmos 7.1][DV HDR10][x265]-SPHD.mkv,Master and Commander The Far Side of the World (2003)/Master and Commander The Far Side of the World (2003) {tmdb-8619} - [Bluray-2160p][TrueHD Atmos 7.1][DV HDR10][x265]-SPHD.mkv,44123422249,41.09,2160p,3840,1600,H.265,TrueHD,DV HDR10,BluRay,,138.4,42.52,,8619,,2003,,,
Mission Impossible (1996),Mission Impossible (1996),Mission Impossible (1996) {tmdb-954} - [Bluray-2160p][TrueHD 5.1][DV HDR10][x265]-SPHD.mkv,/mnt/synology/rs-4kmedia/4kmovies/Mission Impossible (1996)/Mission Impossible (1996) {tmdb-954} - [Bluray-2160p][TrueHD 5.1][DV HDR10][x265]-SPHD.mkv,Mission Impossible (1996)/Mission Impossible (1996) {tmdb-954} - [Bluray-2160p][TrueHD 5.1][DV HDR10][x265]-SPHD.mkv,34869193363,32.47,2160p,3840,1600,H.265,TrueHD,DV HDR10,BluRay,,110.2,42.18,,954,,1996,,,
Mission Impossible Dead Reckoning Part One (2023),Mission Impossible Dead Reckoning Part One (2023),Mission Impossible Dead Reckoning Part One (2023) {tmdb-575264} - [Bluray-2160p][TrueHD Atmos 7.1][DV HDR10][x265]-W4NK3R.mkv,/mnt/synology/rs-4kmedia/4kmovies/Mission Impossible Dead Reckoning Part One (2023)/Mission Impossible Dead Reckoning Part One (2023) {tmdb-575264} - [Bluray-2160p][TrueHD Atmos 7.1][DV HDR10][x265]-W4NK3R.mkv,Mission Impossible Dead Reckoning Part One (2023)/Mission Impossible Dead Reckoning Part One (2023) {tmdb-575264} - [Bluray-2160p][TrueHD Atmos 7.1][DV HDR10][x265]-W4NK3R.mkv,50455600294,46.99,2160p,3840,1608,H.265,TrueHD,DV HDR10,BluRay,,163.4,41.16,,575264,,2023,,,
Mortal Kombat (2021),Mortal Kombat (2021),Mortal Kombat (2021) {tmdb-460465} - [Bluray-2160p][TrueHD Atmos 7.1][DV HDR10][x265]-LEGi0N.mkv,/mnt/synology/rs-4kmedia/4kmovies/Mortal Kombat (2021)/Mortal Kombat (2021) {tmdb-460465} - [Bluray-2160p][TrueHD Atmos 7.1][DV HDR10][x265]-LEGi0N.mkv,Mortal Kombat (2021)/Mortal Kombat (2021) {tmdb-460465} - [Bluray-2160p][TrueHD Atmos 7.1][DV HDR10][x265]-LEGi0N.mkv,29145926397,27.14,2160p,3840,1608,H.265,TrueHD,DV HDR10,BluRay,,110.1,35.31,,460465,,2021,,,
Napoleon (2023),Napoleon (2023),Napoleon (2023) {tmdb-753342} - {edition-Directors Cut} [ATVP][WEBDL-2160p][EAC3 Atmos 5.1][DV HDR10Plus][h265]-FLUX.mkv,/mnt/synology/rs-4kmedia/4kmovies/Napoleon (2023)/Napoleon (2023) {tmdb-753342} - {edition-Directors Cut} [ATVP][WEBDL-2160p][EAC3 Atmos 5.1][DV HDR10Plus][h265]-FLUX.mkv,Napoleon (2023)/Napoleon (2023) {tmdb-753342} - {edition-Directors Cut} [ATVP][WEBDL-2160p][EAC3 Atmos 5.1][DV HDR10Plus][h265]-FLUX.mkv,37161578663,34.61,2160p,3840,1608,H.265,DD+,DV HDR10,WEB-DL,,204.8,24.19,,753342,,2023,,,
Oblivion (2013),Oblivion (2013),Oblivion (2013) {tmdb-75612} - [Remux-2160p][TrueHD Atmos 7.1][HDR10][h265].mkv,/mnt/synology/rs-4kmedia/4kmovies/Oblivion (2013)/Oblivion (2013) {tmdb-75612} - [Remux-2160p][TrueHD Atmos 7.1][HDR10][h265].mkv,Oblivion (2013)/Oblivion (2013) {tmdb-75612} - [Remux-2160p][TrueHD Atmos 7.1][HDR10][h265].mkv,56243058643,52.38,2160p,3840,2160,H.265,TrueHD,HDR10,Remux,,124.6,60.18,,75612,,2013,,,
Oppenheimer (2023),Oppenheimer (2023),Oppenheimer (2023) {tmdb-872585} - [Bluray-2160p][DTS-HD MA 5.1][DV HDR10][x265]-MainFrame.mkv,/mnt/synology/rs-4kmedia/4kmovies/Oppenheimer (2023)/Oppenheimer (2023) {tmdb-872585} - [Bluray-2160p][DTS-HD MA 5.1][DV HDR10][x265]-MainFrame.mkv,Oppenheimer (2023)/Oppenheimer (2023) {tmdb-872585} - [Bluray-2160p][DTS-HD MA 5.1][DV HDR10][x265]-MainFrame.mkv,42033663382,39.15,2160p,3840,2160,H.265,DTS-HD,DV HDR10,BluRay,,180.4,31.07,,872585,,2023,,,
Passengers (2016),Passengers (2016),Passengers (2016) {tmdb-274870} - [Remux-2160p][TrueHD Atmos 7.1][HDR10][HEVC]-EPSiLON.mkv,/mnt/synology/rs-4kmedia/4kmovies/Passengers (2016)/Passengers (2016) {tmdb-274870} - [Remux-2160p][TrueHD Atmos 7.1][HDR10][HEVC]-EPSiLON.mkv,Passengers (2016)/Passengers (2016) {tmdb-274870} - [Remux-2160p][TrueHD Atmos 7.1][HDR10][HEVC]-EPSiLON.mkv,50625913828,47.15,2160p,3840,2160,H.265,TrueHD,HDR10,Remux,,116.2,58.1,,274870,,2016,,,
Pirates of the Caribbean The Curse of the Black Pearl (2003),Pirates of the Caribbean The Curse of the Black Pearl (2003),Pirates of the Caribbean The Curse of the Black Pearl (2003) {tmdb-22} - [WEBRip-2160p][DTS-HD MA 5.1][HDR10][x265].mkv,/mnt/synology/rs-4kmedia/4kmovies/Pirates of the Caribbean The Curse of the Black Pearl (2003)/Pirates of the Caribbean The Curse of the Black Pearl (2003) {tmdb-22} - [WEBRip-2160p][DTS-HD MA 5.1][HDR10][x265].mkv,Pirates of the Caribbean The Curse of the Black Pearl (2003)/Pirates of the Caribbean The Curse of the Black Pearl (2003) {tmdb-22} - [WEBRip-2160p][DTS-HD MA 5.1][HDR10][x265].mkv,20780951900,19.35,2160p,3840,1636,H.265,DTS-HD,HDR10,WEBRip,,143.7,19.28,,22,,2003,,,
Pitch Black (2000),Pitch Black (2000),Pitch Black (2000) {tmdb-2787} - {edition-Directors Cut} [Bluray-2160p Proper][DTS-HD MA 5.1][HDR10][x265]-CtrlHD.mkv,/mnt/synology/rs-4kmedia/4kmovies/Pitch Black (2000)/Pitch Black (2000) {tmdb-2787} - {edition-Directors Cut} [Bluray-2160p Proper][DTS-HD MA 5.1][HDR10][x265]-CtrlHD.mkv,Pitch Black (2000)/Pitch Black (2000) {tmdb-2787} - {edition-Directors Cut} [Bluray-2160p Proper][DTS-HD MA 5.1][HDR10][x265]-CtrlHD.mkv,49318357544,45.93,2160p,3840,1632,H.265,DTS-HD,HDR10,BluRay,,111.8,58.84,,2787,,2000,,,
Prey (2022),Prey (2022),Prey (2022) {tmdb-766507} - [WEBDL-2160p][EAC3 Atmos 5.1][x265].mkv,/mnt/synology/rs-4kmedia/4kmovies/Prey (2022)/Prey (2022) {tmdb-766507} - [WEBDL-2160p][EAC3 Atmos 5.1][x265].mkv,Prey (2022)/Prey (2022) {tmdb-766507} - [WEBDL-2160p][EAC3 Atmos 5.1][x265].mkv,15299337463,14.25,2160p,3840,2160,H.265,DD+,,WEB-DL,,99.5,20.5,,766507,,2022,,,
Raiders of the Lost Ark (1981),Raiders of the Lost Ark (1981),Raiders of the Lost Ark (1981) {tmdb-85} - [Bluray-2160p][TrueHD Atmos 7.1][HDR10][x265]-4K4U.mkv,/mnt/synology/rs-4kmedia/4kmovies/Raiders of the Lost Ark (1981)/Raiders of the Lost Ark (1981) {tmdb-85} - [Bluray-2160p][TrueHD Atmos 7.1][HDR10][x265]-4K4U.mkv,Raiders of the Lost Ark (1981)/Raiders of the Lost Ark (1981) {tmdb-85} - [Bluray-2160p][TrueHD Atmos 7.1][HDR10][x265]-4K4U.mkv,17739982173,16.52,2160p,3840,1632,H.265,TrueHD,HDR10,BluRay,,115.3,20.51,,85,,1981,,,
Ready Player One (2018),Ready Player One (2018),Ready Player One (2018) {tmdb-333339} - [Bluray-2160p][TrueHD Atmos 7.1][HDR10][x265]-HQMUX.mkv,/mnt/synology/rs-4kmedia/4kmovies/Ready Player One (2018)/Ready Player One (2018) {tmdb-333339} - [Bluray-2160p][TrueHD Atmos 7.1][HDR10][x265]-HQMUX.mkv,Ready Player One (2018)/Ready Player One (2018) {tmdb-333339} - [Bluray-2160p][TrueHD Atmos 7.1][HDR10][x265]-HQMUX.mkv,33759165530,31.44,2160p,3840,1600,H.265,TrueHD,HDR10,BluRay,,140.0,32.16,,333339,,2018,,,
Red Sparrow (2018),Red Sparrow (2018),Red Sparrow (2018) {tmdb-401981} - [Bluray-2160p][TrueHD Atmos 7.1][HDR10][x265]-WhiteRhino.mkv,/mnt/synology/rs-4kmedia/4kmovies/Red Sparrow (2018)/Red Sparrow (2018) {tmdb-401981} - [Bluray-2160p][TrueHD Atmos 7.1][HDR10][x265]-WhiteRhino.mkv,Red Sparrow (2018)/Red Sparrow (2018) {tmdb-401981} - [Bluray-2160p][TrueHD Atmos 7.1][HDR10][x265]-WhiteRhino.mkv,15158346077,14.12,2160p,3840,1600,H.265,TrueHD,HDR10,BluRay,,140.2,14.41,,401981,,2018,,,
Resident Evil Welcome to Raccoon City (2021),Resident Evil Welcome to Raccoon City (2021),Resident Evil Welcome to Raccoon City (2021) {tmdb-460458} - [WEBDL-2160p][EAC3 5.1][HDR10Plus][h265].mkv,/mnt/synology/rs-4kmedia/4kmovies/Resident Evil Welcome to Raccoon City (2021)/Resident Evil Welcome to Raccoon City (2021) {tmdb-460458} - [WEBDL-2160p][EAC3 5.1][HDR10Plus][h265].mkv,Resident Evil Welcome to Raccoon City (2021)/Resident Evil Welcome to Raccoon City (2021) {tmdb-460458} - [WEBDL-2160p][EAC3 5.1][HDR10Plus][h265].mkv,12265723696,11.42,2160p,3840,1600,H.265,DD+,HDR10+,WEB-DL,,107.5,15.22,,460458,,2021,,,
Return of the Jedi (1983),Return of the Jedi (1983),Return of the Jedi (1983) {tmdb-1892} - [Remux-2160p][TrueHD Atmos 7.1][HDR10][h265].mkv,/mnt/synology/rs-4kmedia/4kmovies/Return of the Jedi (1983)/Return of the Jedi (1983) {tmdb-1892} - [Remux-2160p][TrueHD Atmos 7.1][HDR10][h265].mkv,Return of the Jedi (1983)/Return of the Jedi (1983) {tmdb-1892} - [Remux-2160p][TrueHD Atmos 7.1][HDR10][h265].mkv,48111189287,44.81,2160p,3840,2160,H.265,TrueHD,HDR10,Remux,,134.8,47.59,,1892,,1983,,,
Riddick (2013),Riddick (2013),Riddick (2013) {tmdb-87421} - {edition-Director's Cut} [Bluray-2160p][DTS-HD MA 5.1][DV HDR10][x265]-SPHD.mkv,/mnt/synology/rs-4kmedia/4kmovies/Riddick (2013)/Riddick (2013) {tmdb-87421} - {edition-Director's Cut} [Bluray-2160p][DTS-HD MA 5.1][DV HDR10][x265]-SPHD.mkv,Riddick (2013)/Riddick (2013) {tmdb-87421} - {edition-Director's Cut} [Bluray-2160p][DTS-HD MA 5.1][DV HDR10][x265]-SPHD.mkv,48743150049,45.4,2160p,3840,1596,H.265,DTS-HD,DV HDR10,BluRay,,126.9,51.22,,87421,,2013,,,
Rocketman (2019),Rocketman (2019),Rocketman (2019) {tmdb-504608} - [Bluray-2160p][TrueHD Atmos 7.1][HDR10][x265].mkv,/mnt/synology/rs-4kmedia/4kmovies/Rocketman (2019)/Rocketman (2019) {tmdb-504608} - [Bluray-2160p][TrueHD Atmos 7.1][HDR10][x265].mkv,Rocketman (2019)/Rocketman (2019) {tmdb-504608} - [Bluray-2160p][TrueHD Atmos 7.1][HDR10][x265].mkv,20099425643,18.72,2160p,3840,1604,H.265,TrueHD,HDR10,BluRay,,121.3,22.1,,504608,,2019,,,
Saving Private Ryan (1998),Saving Private Ryan (1998),Saving Private Ryan (1998) {tmdb-857} - [Bluray-2160p][TrueHD Atmos 7.1][HDR10][x265]-IAMABLE.mkv,/mnt/synology/rs-4kmedia/4kmovies/Saving Private Ryan (1998)/Saving Private Ryan (1998) {tmdb-857} - [Bluray-2160p][TrueHD Atmos 7.1][HDR10][x265]-IAMABLE.mkv,Saving Private Ryan (1998)/Saving Private Ryan (1998) {tmdb-857} - [Bluray-2160p][TrueHD Atmos 7.1][HDR10][x265]-IAMABLE.mkv,44125238267,41.09,2160p,3840,2160,H.265,TrueHD,HDR10,BluRay,,169.4,34.72,,857,,1998,,,
Shazam! (2019),Shazam! (2019),Shazam! (2019) {tmdb-287947} - [Bluray-2160p][TrueHD Atmos 7.1][DV HDR10][x265]-W4NK3R.mkv,/mnt/synology/rs-4kmedia/4kmovies/Shazam! (2019)/Shazam! (2019) {tmdb-287947} - [Bluray-2160p][TrueHD Atmos 7.1][DV HDR10][x265]-W4NK3R.mkv,Shazam! (2019)/Shazam! (2019) {tmdb-287947} - [Bluray-2160p][TrueHD Atmos 7.1][DV HDR10][x265]-W4NK3R.mkv,53068842385,49.42,2160p,3840,1608,H.265,TrueHD,DV HDR10,BluRay,,131.7,53.72,,287947,,2019,,,
Shazam! Fury of the Gods (2023),Shazam! Fury of the Gods (2023),Shazam! Fury of the Gods (2023) {tmdb-594767} - [Remux-2160p][TrueHD Atmos 7.1][DV HDR10][h265].mkv,/mnt/synology/rs-4kmedia/4kmovies/Shazam! Fury of the Gods (2023)/Shazam! Fury of the Gods (2023) {tmdb-594767} - [Remux-2160p][TrueHD Atmos 7.1][DV HDR10][h265].mkv,Shazam! Fury of the Gods (2023)/Shazam! Fury of the Gods (2023) {tmdb-594767} - [Remux-2160p][TrueHD Atmos 7.1][DV HDR10][h265].mkv,61291314225,57.08,2160p,3840,2160,H.265,TrueHD,DV HDR10,Remux,,130.3,62.74,,594767,,2023,,,
Solo A Star Wars Story (2018),Solo A Star Wars Story (2018),Solo A Star Wars Story (2018) {tmdb-348350} - [Bluray-2160p Proper][TrueHD Atmos 7.1][HDR10][x265]-TnP.mkv,/mnt/synology/rs-4kmedia/4kmovies/Solo A Star Wars Story (2018)/Solo A Star Wars Story (2018) {tmdb-348350} - [Bluray-2160p Proper][TrueHD Atmos 7.1][HDR10][x265]-TnP.mkv,Solo A Star Wars Story (2018)/Solo A Star Wars Story (2018) {tmdb-348350} - [Bluray-2160p Proper][TrueHD Atmos 7.1][HDR10][x265]-TnP.mkv,39940081775,37.2,2160p,3840,1608,H.265,TrueHD,HDR10,BluRay,,134.8,39.52,,348350,,2018,,,
Spider-Man No Way Home (2021),Spider-Man No Way Home (2021),Spider-Man No Way Home (2021) {tmdb-634649} - [WEBDL-2160p][AC3 5.1][h265].mkv,/mnt/synology/rs-4kmedia/4kmovies/Spider-Man No Way Home (2021)/Spider-Man No Way Home (2021) {tmdb-634649} - [WEBDL-2160p][AC3 5.1][h265].mkv,Spider-Man No Way Home (2021)/Spider-Man No Way Home (2021) {tmdb-634649} - [WEBDL-2160p][AC3 5.1][h265].mkv,23059699250,21.48,2160p,3840,1596,H.265,DD,,WEB-DL,,148.5,20.71,,634649,,2021,,,
Star Trek (2009),Star Trek (2009),Star Trek (2009) {tmdb-13475} - [Bluray-2160p][TrueHD Atmos 7.1][HDR10][x265]-IAMABLE.mkv,/mnt/synology/rs-4kmedia/4kmovies/Star Trek (2009)/Star Trek (2009) {tmdb-13475} - [Bluray-2160p][TrueHD Atmos 7.1][HDR10][x265]-IAMABLE.mkv,Star Trek (2009)/Star Trek (2009) {tmdb-13475} - [Bluray-2160p][TrueHD Atmos 7.1][HDR10][x265]-IAMABLE.mkv,40736555712,37.94,2160p,3840,1600,H.265,TrueHD,HDR10,BluRay,,126.8,42.82,,13475,,2009,,,
Star Trek First Contact (1996),Star Trek First Contact (1996),Star Trek First Contact (1996) {tmdb-199} - [WEBDL-2160p][EAC3 5.1][x265]-ABBiE.mkv,/mnt/synology/rs-4kmedia/4kmovies/Star Trek First Contact (1996)/Star Trek First Contact (1996) {tmdb-199} - [WEBDL-2160p][EAC3 5.1][x265]-ABBiE.mkv,Star Trek First Contact (1996)/Star Trek First Contact (1996) {tmdb-199} - [WEBDL-2160p][EAC3 5.1][x265]-ABBiE.mkv,11068005896,10.31,2160p,3840,2160,H.265,DD+,,WEB-DL,,110.7,13.33,,199,,1996,,,
Star Trek Into Darkness (2013),Star Trek Into Darkness (2013),Star Trek Into Darkness (2013) {tmdb-54138} - [Remux-2160p][TrueHD Atmos 7.1][HDR10][HEVC]-EPSiLON.mkv,/mnt/synology/rs-4kmedia/4kmovies/Star Trek Into Darkness (2013)/Star Trek Into Darkness (2013) {tmdb-54138} - [Remux-2160p][TrueHD Atmos 7.1][HDR10][HEVC]-EPSiLON.mkv,Star Trek Into Darkness (2013)/Star Trek Into Darkness (2013) {tmdb-54138} - [Remux-2160p][TrueHD Atmos 7.1][HDR10][HEVC]-EPSiLON.mkv,55009881987,51.23,2160p,3840,2160,H.265,TrueHD,HDR10,Remux,,132.1,55.52,,54138,,2013,,,
Star Trek The Motion Picture (1979),Star Trek The Motion Picture (1979),Star Trek The Motion Picture (1979) {tmdb-152} - [Remux-2160p][TrueHD Atmos 7.1][DV HDR10][h265].mkv,/mnt/synology/rs-4kmedia/4kmovies/Star Trek The Motion Picture (1979)/Star Trek The Motion Picture (1979) {tmdb-152} - [Remux-2160p][TrueHD Atmos 7.1][DV HDR10][h265].mkv,Star Trek The Motion Picture (1979)/Star Trek The Motion Picture (1979) {tmdb-152} - [Remux-2160p][TrueHD Atmos 7.1][DV HDR10][h265].mkv,81043007023,75.48,2160p,3840,2160,H.265,TrueHD,DV HDR10,Remux,,136.7,79.04,,152,,1979,,,
Star Trek V The Final Frontier (1989),Star Trek V The Final Frontier (1989),Star Trek V The Final Frontier (1989) {tmdb-172} - [Bluray-2160p][TrueHD 7.1][HDR10][x265].mkv,/mnt/synology/rs-4kmedia/4kmovies/Star Trek V The Final Frontier (1989)/Star Trek V The Final Frontier (1989) {tmdb-172} - [Bluray-2160p][TrueHD 7.1][HDR10][x265].mkv,Star Trek V The Final Frontier (1989)/Star Trek V The Final Frontier (1989) {tmdb-172} - [Bluray-2160p][TrueHD 7.1][HDR10][x265].mkv,25687621064,23.92,2160p,3840,1600,H.265,TrueHD,HDR10,BluRay,,106.5,32.16,,172,,1989,,,
Star Trek VI The Undiscovered Country (1991),Star Trek VI The Undiscovered Country (1991),Star Trek VI The Undiscovered Country (1991) {tmdb-174} - [Bluray-2160p][TrueHD 7.1][HDR10][x265].mkv,/mnt/synology/rs-4kmedia/4kmovies/Star Trek VI The Undiscovered Country (1991)/Star Trek VI The Undiscovered Country (1991) {tmdb-174} - [Bluray-2160p][TrueHD 7.1][HDR10][x265].mkv,Star Trek VI The Undiscovered Country (1991)/Star Trek VI The Undiscovered Country (1991) {tmdb-174} - [Bluray-2160p][TrueHD 7.1][HDR10][x265].mkv,22691914538,21.13,2160p,3840,1632,H.265,TrueHD,HDR10,BluRay,,113.4,26.69,,174,,1991,,,
Star Wars (1977),Star Wars (1977),Star Wars (1977) {tmdb-11} - [Remux-2160p][TrueHD Atmos 7.1][DV HDR10][h265].mkv,/mnt/synology/rs-4kmedia/4kmovies/Star Wars (1977)/Star Wars (1977) {tmdb-11} - [Remux-2160p][TrueHD Atmos 7.1][DV HDR10][h265].mkv,Star Wars (1977)/Star Wars (1977) {tmdb-11} - [Remux-2160p][TrueHD Atmos 7.1][DV HDR10][h265].mkv,52636206068,49.02,2160p,3840,2160,H.265,TrueHD,DV HDR10,Remux,,124.8,56.25,,11,,1977,,,
Tenet (2020),Tenet (2020),Tenet (2020) {tmdb-577922} - {edition-IMAX} [Bluray-2160p][DTS-HD MA 5.1][DV HDR10][x265]-SPHD.mkv,/mnt/synology/rs-4kmedia/4kmovies/Tenet (2020)/Tenet (2020) {tmdb-577922} - {edition-IMAX} [Bluray-2160p][DTS-HD MA 5.1][DV HDR10][x265]-SPHD.mkv,Tenet (2020)/Tenet (2020) {tmdb-577922} - {edition-IMAX} [Bluray-2160p][DTS-HD MA 5.1][DV HDR10][x265]-SPHD.mkv,48300105510,44.98,2160p,3840,2160,H.265,DTS-HD,DV HDR10,BluRay,,150.2,42.89,,577922,,2020,,,
Terminator Dark Fate (2019),Terminator Dark Fate (2019),Terminator Dark Fate (2019) {tmdb-290859} - [Bluray-2160p Proper][TrueHD Atmos 7.1][DV HDR10][x265]-DON.mkv,/mnt/synology/rs-4kmedia/4kmovies/Terminator Dark Fate (2019)/Terminator Dark Fate (2019) {tmdb-290859} - [Bluray-2160p Proper][TrueHD Atmos 7.1][DV HDR10][x265]-DON.mkv,Terminator Dark Fate (2019)/Terminator Dark Fate (2019) {tmdb-290859} - [Bluray-2160p Proper][TrueHD Atmos 7.1][DV HDR10][x265]-DON.mkv,28677543469,26.71,2160p,3840,1608,H.265,TrueHD,DV HDR10,BluRay,,128.1,29.85,,290859,,2019,,,
The Abyss (1989),The Abyss (1989),The Abyss (1989) {tmdb-2756} - {edition-Special Edition} [Bluray-2160p][TrueHD Atmos 7.1][DV HDR10][x265]-W4NK3R.mkv,/mnt/synology/rs-4kmedia/4kmovies/The Abyss (1989)/The Abyss (1989) {tmdb-2756} - {edition-Special Edition} [Bluray-2160p][TrueHD Atmos 7.1][DV HDR10][x265]-W4NK3R.mkv,The Abyss (1989)/The Abyss (1989) {tmdb-2756} - {edition-Special Edition} [Bluray-2160p][TrueHD Atmos 7.1][DV HDR10][x265]-W4NK3R.mkv,35786735192,33.33,2160p,3840,1604,H.265,TrueHD,DV HDR10,BluRay,,171.0,27.9,,2756,,1989,,,
The Avengers (2012),The Avengers (2012),The Avengers (2012) {tmdb-24428} - [Remux-2160p Proper][TrueHD Atmos 7.1][HDR10][HEVC]-EPSiLON.mkv,/mnt/synology/rs-4kmedia/4kmovies/The Avengers (2012)/The Avengers (2012) {tmdb-24428} - [Remux-2160p Proper][TrueHD Atmos 7.1][HDR10][HEVC]-EPSiLON.mkv,The Avengers (2012)/The Avengers (2012) {tmdb-24428} - [Remux-2160p Proper][TrueHD Atmos 7.1][HDR10][HEVC]-EPSiLON.mkv,52333434503,48.74,2160p,3840,2160,H.265,TrueHD,HDR10,Remux,,142.9,48.82,,24428,,2012,,,
The Batman (2022),The Batman (2022),The Batman (2022) {tmdb-414906} - [Bluray-2160p][TrueHD Atmos 7.1][DV HDR10][x265]-W4NK3R.mkv,/mnt/synology/rs-4kmedia/4kmovies/The Batman (2022)/The Batman (2022) {tmdb-414906} - [Bluray-2160p][TrueHD Atmos 7.1][DV HDR10][x265]-W4NK3R.mkv,The Batman (2022)/The Batman (2022) {tmdb-414906} - [Bluray-2160p][TrueHD Atmos 7.1][DV HDR10][x265]-W4NK3R.mkv,46320821907,43.14,2160p,3840,1608,H.265,TrueHD,DV HDR10,BluRay,,176.2,35.05,,414906,,2022,,,
The Chronicles of Riddick (2004),The Chronicles of Riddick (2004),The Chronicles of Riddick (2004) {tmdb-2789} - {edition-Director's Cut} [Bluray-2160p][DTS-HD MA 5.1][DV HDR10][x265]-SPHD.mkv,/mnt/synology/rs-4kmedia/4kmovies/The Chronicles of Riddick (2004)/The Chronicles of Riddick (2004) {tmdb-2789} - {edition-Director's Cut} [Bluray-2160p][DTS-HD MA 5.1][DV HDR10][x265]-SPHD.mkv,The Chronicles of Riddick (2004)/The Chronicles of Riddick (2004) {tmdb-2789} - {edition-Director's Cut} [Bluray-2160p][DTS-HD MA 5.1][DV HDR10][x265]-SPHD.mkv,61111131462,56.91,2160p,3840,1600,H.265,DTS-HD,DV HDR10,BluRay,,134.1,60.77,,2789,,2004,,,
The Dark Knight (2008),The Dark Knight (2008),The Dark Knight (2008) {tmdb-155} - [Remux-2160p][DTS-HD MA 5.1][HDR10][HEVC]-BluDragon.mkv,/mnt/synology/rs-4kmedia/4kmovies/The Dark Knight (2008)/The Dark Knight (2008) {tmdb-155} - [Remux-2160p][DTS-HD MA 5.1][HDR10][HEVC]-BluDragon.mkv,The Dark Knight (2008)/The Dark Knight (2008) {tmdb-155} - [Remux-2160p][DTS-HD MA 5.1][HDR10][HEVC]-BluDragon.mkv,58571114949,54.55,2160p,3840,2160,H.265,DTS-HD,HDR10,Remux,,152.2,51.31,,155,,2008,,,
The Dark Knight Rises (2012),The Dark Knight Rises (2012),The Dark Knight Rises (2012) {tmdb-49026} - [Remux-2160p][DTS-HD MA 5.1][HDR10][HEVC]-BluDragon.mkv,/mnt/synology/rs-4kmedia/4kmovies/The Dark Knight Rises (2012)/The Dark Knight Rises (2012) {tmdb-49026} - [Remux-2160p][DTS-HD MA 5.1][HDR10][HEVC]-BluDragon.mkv,The Dark Knight Rises (2012)/The Dark Knight Rises (2012) {tmdb-49026} - [Remux-2160p][DTS-HD MA 5.1][HDR10][HEVC]-BluDragon.mkv,74310780663,69.21,2160p,3840,2160,H.265,DTS-HD,HDR10,Remux,,164.5,60.22,,49026,,2012,,,
The Empire Strikes Back (1980),The Empire Strikes Back (1980),The Empire Strikes Back (1980) {tmdb-1891} - [Bluray-2160p][TrueHD Atmos 7.1][HDR10][x265].mkv,/mnt/synology/rs-4kmedia/4kmovies/The Empire Strikes Back (1980)/The Empire Strikes Back (1980) {tmdb-1891} - [Bluray-2160p][TrueHD Atmos 7.1][HDR10][x265].mkv,The Empire Strikes Back (1980)/The Empire Strikes Back (1980) {tmdb-1891} - [Bluray-2160p][TrueHD Atmos 7.1][HDR10][x265].mkv,33536526487,31.23,2160p,3840,1608,H.265,TrueHD,HDR10,BluRay,,127.4,35.1,,1891,,1980,,,
The Hobbit An Unexpected Journey (2012),The Hobbit An Unexpected Journey (2012),The Hobbit An Unexpected Journey (2012) {tmdb-49051} - {edition-Extended Cut} [Remux-2160p][TrueHD Atmos 7.1][DV HDR10][HEVC]-FraMeSToR.mkv,/mnt/synology/rs-4kmedia/4kmovies/The Hobbit An Unexpected Journey (2012)/The Hobbit An Unexpected Journey (2012) {tmdb-49051} - {edition-Extended Cut} [Remux-2160p][TrueHD Atmos 7.1][DV HDR10][HEVC]-FraMeSToR.mkv,The Hobbit An Unexpected Journey (2012)/The Hobbit An Unexpected Journey (2012) {tmdb-49051} - {edition-Extended Cut} [Remux-2160p][TrueHD Atmos 7.1][DV HDR10][HEVC]-FraMeSToR.mkv,74566778707,69.45,2160p,3840,2160,H.265,TrueHD,DV HDR10,Remux,,182.5,54.47,,49051,,2012,,,
The Hobbit The Battle of the Five Armies (2014),The Hobbit The Battle of the Five Armies (2014),The Hobbit The Battle of the Five Armies (2014) {tmdb-122917} - {edition-Extended Cut} [Remux-2160p][TrueHD Atmos 7.1][DV HDR10][HEVC]-FraMeSToR.mkv,/mnt/synology/rs-4kmedia/4kmovies/The Hobbit The Battle of the Five Armies (2014)/The Hobbit The Battle of the Five Armies (2014) {tmdb-122917} - {edition-Extended Cut} [Remux-2160p][TrueHD Atmos 7.1][DV HDR10][HEVC]-FraMeSToR.mkv,The Hobbit The Battle of the Five Armies (2014)/The Hobbit The Battle of the Five Armies (2014) {tmdb-122917} - {edition-Extended Cut} [Remux-2160p][TrueHD Atmos 7.1][DV HDR10][HEVC]-FraMeSToR.mkv,64520564342,60.09,2160p,3840,2160,H.265,TrueHD,DV HDR10,Remux,,164.1,52.44,,122917,,2014,,,
The Hobbit The Desolation of Smaug (2013),The Hobbit The Desolation of Smaug (2013),The Hobbit The Desolation of Smaug (2013) {tmdb-57158} - {edition-Extended Cut} [Remux-2160p][TrueHD Atmos 7.1][DV HDR10][HEVC]-FraMeSToR.mkv,/mnt/synology/rs-4kmedia/4kmovies/The Hobbit The Desolation of Smaug (2013)/The Hobbit The Desolation of Smaug (2013) {tmdb-57158} - {edition-Extended Cut} [Remux-2160p][TrueHD Atmos 7.1][DV HDR10][HEVC]-FraMeSToR.mkv,The Hobbit The Desolation of Smaug (2013)/The Hobbit The Desolation of Smaug (2013) {tmdb-57158} - {edition-Extended Cut} [Remux-2160p][TrueHD Atmos 7.1][DV HDR10][HEVC]-FraMeSToR.mkv,84661155918,78.85,2160p,3840,2160,H.265,TrueHD,DV HDR10,Remux,,186.6,60.5,,57158,,2013,,,
The Hunger Games (2012),The Hunger Games (2012),The Hunger Games (2012) {tmdb-70160} - [Remux-2160p][TrueHD Atmos 7.1][DV HDR10][h265].mkv,/mnt/synology/rs-4kmedia/4kmovies/The Hunger Games (2012)/The Hunger Games (2012) {tmdb-70160} - [Remux-2160p][TrueHD Atmos 7.1][DV HDR10][h265].mkv,The Hunger Games (2012)/The Hunger Games (2012) {tmdb-70160} - [Remux-2160p][TrueHD Atmos 7.1][DV HDR10][h265].mkv,75557146736,70.37,2160p,3840,2160,H.265,TrueHD,DV HDR10,Remux,,142.6,70.63,,70160,,2012,,,
The Hunger Games Catching Fire (2013),The Hunger Games Catching Fire (2013),The Hunger Games Catching Fire (2013) {tmdb-101299} - [Remux-2160p][TrueHD Atmos 7.1][DV HDR10][h265].mkv,/mnt/synology/rs-4kmedia/4kmovies/The Hunger Games Catching Fire (2013)/The Hunger Games Catching Fire (2013) {tmdb-101299} - [Remux-2160p][TrueHD Atmos 7.1][DV HDR10][h265].mkv,The Hunger Games Catching Fire (2013)/The Hunger Games Catching Fire (2013) {tmdb-101299} - [Remux-2160p][TrueHD Atmos 7.1][DV HDR10][h265].mkv,78025518110,72.67,2160p,3840,2160,H.265,TrueHD,DV HDR10,Remux,,146.6,70.95,,101299,,2013,,,
The Hunt for Red October (1990),The Hunt for Red October (1990),The Hunt for Red October (1990) {tmdb-1669} - [Bluray-2160p][TrueHD 5.1][HDR10][x265]-HQMUX.mkv,/mnt/synology/rs-4kmedia/4kmovies/The Hunt for Red October (1990)/The Hunt for Red October (1990) {tmdb-1669} - [Bluray-2160p][TrueHD 5.1][HDR10][x265]-HQMUX.mkv,The Hunt for Red October (1990)/The Hunt for Red October (1990) {tmdb-1669} - [Bluray-2160p][TrueHD 5.1][HDR10][x265]-HQMUX.mkv,24363997863,22.69,2160p,3840,1632,H.265,TrueHD,HDR10,BluRay,,135.1,24.04,,1669,,1990,,,
The Lord of the Rings The Fellowship of the Ring (2001),The Lord of the Rings The Fellowship of the Ring (2001),The Lord of the Rings The Fellowship of the Ring (2001) {tmdb-120} - [Remux-2160p][TrueHD Atmos 7.1][HDR10][h265].mkv,/mnt/synology/rs-4kmedia/4kmovies/The Lord of the Rings The Fellowship of the Ring (2001)/The Lord of the Rings The Fellowship of the Ring (2001) {tmdb-120} - [Remux-2160p][TrueHD Atmos 7.1][HDR10][h265].mkv,The Lord of the Rings The Fellowship of the Ring (2001)/The Lord of the Rings The Fellowship of the Ring (2001) {tmdb-120} - [Remux-2160p][TrueHD Atmos 7.1][HDR10][h265].mkv,119919536474,111.68,2160p,3840,2160,H.265,TrueHD,HDR10,Remux,,228.2,70.07,,120,,2001,,,
The Lord of the Rings The Return of the King (2003),The Lord of the Rings The Return of the King (2003),The Lord of the Rings The Return of the King (2003) {tmdb-122} - [Remux-2160p][TrueHD Atmos 7.1][HDR10][h265].mkv,/mnt/synology/rs-4kmedia/4kmovies/The Lord of the Rings The Return of the King (2003)/The Lord of the Rings The Return of the King (2003) {tmdb-122} - [Remux-2160p][TrueHD Atmos 7.1][HDR10][h265].mkv,The Lord of the Rings The Return of the King (2003)/The Lord of the Rings The Return of the King (2003) {tmdb-122} - [Remux-2160p][TrueHD Atmos 7.1][HDR10][h265].mkv,133437126066,124.27,2160p,3840,2160,H.265,TrueHD,HDR10,Remux,,263.2,67.6,,122,,2003,,,
The Lord of the Rings The Two Towers (2002),The Lord of the Rings The Two Towers (2002),The Lord of the Rings The Two Towers (2002) {tmdb-121} - [Remux-2160p][TrueHD Atmos 7.1][HDR10][h265].mkv,/mnt/synology/rs-4kmedia/4kmovies/The Lord of the Rings The Two Towers (2002)/The Lord of the Rings The Two Towers (2002) {tmdb-121} - [Remux-2160p][TrueHD Atmos 7.1][HDR10][h265].mkv,The Lord of the Rings The Two Towers (2002)/The Lord of the Rings The Two Towers (2002) {tmdb-121} - [Remux-2160p][TrueHD Atmos 7.1][HDR10][h265].mkv,113736685889,105.93,2160p,3840,2160,H.265,TrueHD,HDR10,Remux,,235.4,64.42,,121,,2002,,,
The Lost World Jurassic Park (1997),The Lost World Jurassic Park (1997),The Lost World Jurassic Park (1997) {tmdb-330} - [Bluray-2160p][TrueHD Atmos 7.1][DV][x265]-HDH.mkv,/mnt/synology/rs-4kmedia/4kmovies/The Lost World Jurassic Park (1997)/The Lost World Jurassic Park (1997) {tmdb-330} - [Bluray-2160p][TrueHD Atmos 7.1][DV][x265]-HDH.mkv,The Lost World Jurassic Park (1997)/The Lost World Jurassic Park (1997) {tmdb-330} - [Bluray-2160p][TrueHD Atmos 7.1][DV][x265]-HDH.mkv,26266445725,24.46,2160p,3840,2160,H.265,TrueHD,DV,BluRay,,128.7,27.22,,330,,1997,,,
The Martian (2015),The Martian (2015),The Martian (2015) {tmdb-286217} - {edition-Extended} [Bluray-2160p][TrueHD Atmos 7.1][HDR10][x265]-TERMiNAL.mkv,/mnt/synology/rs-4kmedia/4kmovies/The Martian (2015)/The Martian (2015) {tmdb-286217} - {edition-Extended} [Bluray-2160p][TrueHD Atmos 7.1][HDR10][x265]-TERMiNAL.mkv,The Martian (2015)/The Martian (2015) {tmdb-286217} - {edition-Extended} [Bluray-2160p][TrueHD Atmos 7.1][HDR10][x265]-TERMiNAL.mkv,21845823720,20.35,2160p,3840,1600,H.265,TrueHD,HDR10,BluRay,,151.4,19.24,,286217,,2015,,,
The Matrix (1999),The Matrix (1999),The Matrix (1999) {tmdb-603} - [Remux-2160p][TrueHD Atmos 7.1][HDR10][HEVC]-FraMeSToR.mkv,/mnt/synology/rs-4kmedia/4kmovies/The Matrix (1999)/The Matrix (1999) {tmdb-603} - [Remux-2160p][TrueHD Atmos 7.1][HDR10][HEVC]-FraMeSToR.mkv,The Matrix (1999)/The Matrix (1999) {tmdb-603} - [Remux-2160p][TrueHD Atmos 7.1][HDR10][HEVC]-FraMeSToR.mkv,56310151835,52.44,2160p,3840,2160,H.265,TrueHD,HDR10,Remux,,136.3,55.08,,603,,1999,,,
The Matrix Reloaded (2003),The Matrix Reloaded (2003),The Matrix Reloaded (2003) {tmdb-604} - [Bluray-2160p][TrueHD Atmos 7.1][HDR10][x265]-CtrlHD.mkv,/mnt/synology/rs-4kmedia/4kmovies/The Matrix Reloaded (2003)/The Matrix Reloaded (2003) {tmdb-604} - [Bluray-2160p][TrueHD Atmos 7.1][HDR10][x265]-CtrlHD.mkv,The Matrix Reloaded (2003)/The Matrix Reloaded (2003) {tmdb-604} - [Bluray-2160p][TrueHD Atmos 7.1][HDR10][x265]-CtrlHD.mkv,49386043158,45.99,2160p,3840,1600,H.265,TrueHD,HDR10,BluRay,,138.3,47.62,,604,,2003,,,
The Matrix Resurrections (2021),The Matrix Resurrections (2021),The Matrix Resurrections (2021) {tmdb-624860} - [WEBDL-2160p][EAC3 Atmos 5.1][DV HDR10][x265].mkv,/mnt/synology/rs-4kmedia/4kmovies/The Matrix Resurrections (2021)/The Matrix Resurrections (2021) {tmdb-624860} - [WEBDL-2160p][EAC3 Atmos 5.1][DV HDR10][x265].mkv,The Matrix Resurrections (2021)/The Matrix Resurrections (2021) {tmdb-624860} - [WEBDL-2160p][EAC3 Atmos 5.1][DV HDR10][x265].mkv,20659761079,19.24,2160p,3840,2160,H.265,DD+,DV HDR10,WEB-DL,,147.9,18.62,,624860,,2021,,,
The Matrix Revolutions (2003),The Matrix Revolutions (2003),The Matrix Revolutions (2003) {tmdb-605} - [Bluray-2160p][EAC3 5.1][HDR10][x265]-d3g.mkv,/mnt/synology/rs-4kmedia/4kmovies/The Matrix Revolutions (2003)/The Matrix Revolutions (2003) {tmdb-605} - [Bluray-2160p][EAC3 5.1][HDR10][x265]-d3g.mkv,The Matrix Revolutions (2003)/The Matrix Revolutions (2003) {tmdb-605} - [Bluray-2160p][EAC3 5.1][HDR10][x265]-d3g.mkv,30715136062,28.61,2160p,3840,1600,H.265,DD+,HDR10,BluRay,,129.3,31.68,,605,,2003,,,
The Mummy (1999),The Mummy (1999),The Mummy (1999) {tmdb-564} - [Bluray-2160p][DTS-X 7.1][HDR10][x265]-IAMABLE.mkv,/mnt/synology/rs-4kmedia/4kmovies/The Mummy (1999)/The Mummy (1999) {tmdb-564} - [Bluray-2160p][DTS-X 7.1][HDR10][x265]-IAMABLE.mkv,The Mummy (1999)/The Mummy (1999) {tmdb-564} - [Bluray-2160p][DTS-X 7.1][HDR10][x265]-IAMABLE.mkv,34922390576,32.52,2160p,3840,1636,H.265,DTS:X,HDR10,BluRay,,124.8,37.3,,564,,1999,,,
The Outfit (2022),The Outfit (2022),The Outfit (2022) {tmdb-799876} - [WEBDL-2160p][AC3 5.1][HDR10][h265].mkv,/mnt/synology/rs-4kmedia/4kmovies/The Outfit (2022)/The Outfit (2022) {tmdb-799876} - [WEBDL-2160p][AC3 5.1][HDR10][h265].mkv,The Outfit (2022)/The Outfit (2022) {tmdb-799876} - [WEBDL-2160p][AC3 5.1][HDR10][h265].mkv,11810548463,11.0,2160p,3840,1920,H.265,DD,HDR10,WEB-DL,,105.4,14.94,,799876,,2022,,,
The Predator (2018),The Predator (2018),The Predator (2018) {tmdb-346910} - [Remux-2160p][TrueHD Atmos 7.1][HDR10][HEVC]-BluDragon.mkv,/mnt/synology/rs-4kmedia/4kmovies/The Predator (2018)/The Predator (2018) {tmdb-346910} - [Remux-2160p][TrueHD Atmos 7.1][HDR10][HEVC]-BluDragon.mkv,The Predator (2018)/The Predator (2018) {tmdb-346910} - [Remux-2160p][TrueHD Atmos 7.1][HDR10][HEVC]-BluDragon.mkv,50970065009,47.47,2160p,3840,2160,H.265,TrueHD,HDR10,Remux,,107.0,63.54,,346910,,2018,,,
The Revenant (2015),The Revenant (2015),The Revenant (2015) {tmdb-281957} - [Remux-2160p][DTS-HD MA 7.1][HDR10][HEVC]-FraMeSToR.mkv,/mnt/synology/rs-4kmedia/4kmovies/The Revenant (2015)/The Revenant (2015) {tmdb-281957} - [Remux-2160p][DTS-HD MA 7.1][HDR10][HEVC]-FraMeSToR.mkv,The Revenant (2015)/The Revenant (2015) {tmdb-281957} - [Remux-2160p][DTS-HD MA 7.1][HDR10][HEVC]-FraMeSToR.mkv,48836555747,45.48,2160p,3840,2160,H.265,DTS-HD,HDR10,Remux,,156.4,41.65,,281957,,2015,,,
Thor Ragnarok (2017),Thor Ragnarok (2017),Thor Ragnarok (2017) {tmdb-284053} - [Bluray-2160p][TrueHD Atmos 7.1][HDR10Plus][x265]-UnKn0wn.mkv,/mnt/synology/rs-4kmedia/4kmovies/Thor Ragnarok (2017)/Thor Ragnarok (2017) {tmdb-284053} - [Bluray-2160p][TrueHD Atmos 7.1][HDR10Plus][x265]-UnKn0wn.mkv,Thor Ragnarok (2017)/Thor Ragnarok (2017) {tmdb-284053} - [Bluray-2160p][TrueHD Atmos 7.1][HDR10Plus][x265]-UnKn0wn.mkv,21593469530,20.11,2160p,3840,1608,H.265,TrueHD,HDR10+,BluRay,,130.5,22.06,,284053,,2017,,,
Top Gun (1986),Top Gun (1986),Top Gun (1986) {tmdb-744} - [Bluray-2160p][TrueHD Atmos 7.1][DV][h265]-SHD.mkv,/mnt/synology/rs-4kmedia/4kmovies/Top Gun (1986)/Top Gun (1986) {tmdb-744} - [Bluray-2160p][TrueHD Atmos 7.1][DV][h265]-SHD.mkv,Top Gun (1986)/Top Gun (1986) {tmdb-744} - [Bluray-2160p][TrueHD Atmos 7.1][DV][h265]-SHD.mkv,24692474732,23.0,2160p,3840,2160,H.265,TrueHD,DV,BluRay,,109.4,30.08,,744,,1986,,,
Top Gun Maverick (2022),Top Gun Maverick (2022),Top Gun Maverick (2022) {tmdb-361743} - [WEBDL-2160p][EAC3 Atmos 5.1][DV HDR10Plus][h265].mkv,/mnt/synology/rs-4kmedia/4kmovies/Top Gun Maverick (2022)/Top Gun Maverick (2022) {tmdb-361743} - [WEBDL-2160p][EAC3 Atmos 5.1][DV HDR10Plus][h265].mkv,Top Gun Maverick (2022)/Top Gun Maverick (2022) {tmdb-361743} - [WEBDL-2160p][EAC3 Atmos 5.1][DV HDR10Plus][h265].mkv,24639337706,22.95,2160p,3840,2024,H.265,DD+,DV HDR10,WEB-DL,,130.2,25.22,,361743,,2022,,,
Total Recall (1990),Total Recall (1990),Total Recall (1990) {tmdb-861} - [Remux-2160p][TrueHD Atmos 7.1][DV HDR10][h265].mkv,/mnt/synology/rs-4kmedia/4kmovies/Total Recall (1990)/Total Recall (1990) {tmdb-861} - [Remux-2160p][TrueHD Atmos 7.1][DV HDR10][h265].mkv,Total Recall (1990)/Total Recall (1990) {tmdb-861} - [Remux-2160p][TrueHD Atmos 7.1][DV HDR10][h265].mkv,76307107799,71.07,2160p,3840,2160,H.265,TrueHD,DV HDR10,Remux,,113.3,89.82,,861,,1990,,,
Twister (1996),Twister (1996),Twister (1996) {tmdb-664} - [Remux-1080p][TrueHD Atmos 7.1][x264].mkv,/mnt/synology/rs-4kmedia/4kmovies/Twister (1996)/Twister (1996) {tmdb-664} - [Remux-1080p][TrueHD Atmos 7.1][x264].mkv,Twister (1996)/Twister (1996) {tmdb-664} - [Remux-1080p][TrueHD Atmos 7.1][x264].mkv,27919595650,26.0,1080p,1920,1080,H.264,TrueHD,,Remux,,112.9,32.96,,664,,1996,,,
Twisters (2024),Twisters (2024),Twisters (2024) {tmdb-718821} - [WEBDL-2160p][EAC3 Atmos 5.1][DV HDR10Plus][h265]-FLUX.mkv,/mnt/synology/rs-4kmedia/4kmovies/Twisters (2024)/Twisters (2024) {tmdb-718821} - [WEBDL-2160p][EAC3 Atmos 5.1][DV HDR10Plus][h265]-FLUX.mkv,Twisters (2024)/Twisters (2024) {tmdb-718821} - [WEBDL-2160p][EAC3 Atmos 5.1][DV HDR10Plus][h265]-FLUX.mkv,23407500311,21.8,2160p,3840,1606,H.265,DD+,DV HDR10,WEB-DL,,122.4,25.51,,718821,,2024,,,
Uncharted (2022),Uncharted (2022),Uncharted (2022) {tmdb-335787} - [WEBDL-2160p][EAC3 Atmos 5.1][h265].mkv,/mnt/synology/rs-4kmedia/4kmovies/Uncharted (2022)/Uncharted (2022) {tmdb-335787} - [WEBDL-2160p][EAC3 Atmos 5.1][h265].mkv,Uncharted (2022)/Uncharted (2022) {tmdb-335787} - [WEBDL-2160p][EAC3 Atmos 5.1][h265].mkv,22078701192,20.56,2160p,3840,2160,H.265,DD+,,WEB-DL,,115.9,25.39,,335787,,2022,,,
War for the Planet of the Apes (2017),War for the Planet of the Apes (2017),War for the Planet of the Apes (2017) {tmdb-281338} - [Bluray-2160p][TrueHD Atmos 7.1][HDR10][x265]-Absinth.mkv,/mnt/synology/rs-4kmedia/4kmovies/War for the Planet of the Apes (2017)/War for the Planet of the Apes (2017) {tmdb-281338} - [Bluray-2160p][TrueHD Atmos 7.1][HDR10][x265]-Absinth.mkv,War for the Planet of the Apes (2017)/War for the Planet of the Apes (2017) {tmdb-281338} - [Bluray-2160p][TrueHD Atmos 7.1][HDR10][x265]-Absinth.mkv,24515341736,22.83,2160p,3840,1600,H.265,TrueHD,HDR10,BluRay,,140.2,23.32,,281338,,2017,,,
Wonder Woman (2017),Wonder Woman (2017),Wonder Woman (2017) {tmdb-297762} - [Bluray-2160p][TrueHD Atmos 7.1][HDR10][x265]-CtrlHD.mkv,/mnt/synology/rs-4kmedia/4kmovies/Wonder Woman (2017)/Wonder Woman (2017) {tmdb-297762} - [Bluray-2160p][TrueHD Atmos 7.1][HDR10][x265]-CtrlHD.mkv,Wonder Woman (2017)/Wonder Woman (2017) {tmdb-297762} - [Bluray-2160p][TrueHD Atmos 7.1][HDR10][x265]-CtrlHD.mkv,48069432506,44.77,2160p,3840,1600,H.265,TrueHD,HDR10,BluRay,,141.3,45.37,,297762,,2017,,,
Wonder Woman 1984 (2020),Wonder Woman 1984 (2020),Wonder Woman 1984 (2020) {tmdb-464052} - [HMAX][WEBDL-2160p][EAC3 Atmos 5.1][HDR10][HEVC]-TOMMY.mkv,/mnt/synology/rs-4kmedia/4kmovies/Wonder Woman 1984 (2020)/Wonder Woman 1984 (2020) {tmdb-464052} - [HMAX][WEBDL-2160p][EAC3 Atmos 5.1][HDR10][HEVC]-TOMMY.mkv,Wonder Woman 1984 (2020)/Wonder Woman 1984 (2020) {tmdb-464052} - [HMAX][WEBDL-2160p][EAC3 Atmos 5.1][HDR10][HEVC]-TOMMY.mkv,21180090476,19.73,2160p,3840,2160,H.265,DD+,HDR10,WEB-DL,,151.1,18.69,,464052,,2020,,,
Zombieland (2009),Zombieland (2009),Zombieland (2009) {tmdb-19908} - [Bluray-2160p][TrueHD Atmos 7.1][HDR10][x265]-IAMABLE.mkv,/mnt/synology/rs-4kmedia/4kmovies/Zombieland (2009)/Zombieland (2009) {tmdb-19908} - [Bluray-2160p][TrueHD Atmos 7.1][HDR10][x265]-IAMABLE.mkv,Zombieland (2009)/Zombieland (2009) {tmdb-19908} - [Bluray-2160p][TrueHD Atmos 7.1][HDR10][x265]-IAMABLE.mkv,15081816630,14.05,2160p,3840,1606,H.265,TrueHD,HDR10,BluRay,,87.7,22.93,,19908,,2009,,,
The Marvels (2023),The Marvels (2023),The Marvels (2023) {tmdb-609681} - [Bluray-2160p][TrueHD Atmos 7.1][DV HDR10][x265]-W4NK3R.mkv,/mnt/synology/rs-4kmedia/4kmovies/The Marvels (2023)/The Marvels (2023) {tmdb-609681} - [Bluray-2160p][TrueHD Atmos 7.1][DV HDR10][x265]-W4NK3R.mkv,The Marvels (2023)/The Marvels (2023) {tmdb-609681} - [Bluray-2160p][TrueHD Atmos 7.1][DV HDR10][x265]-W4NK3R.mkv,23484005229,21.87,2160p,3840,1608,H.265,TrueHD,DV HDR10,BluRay,,104.7,29.89,,609681,,2023,,,
John Wick Chapter 4 (2023),John Wick Chapter 4 (2023),John Wick Chapter 4 (2023) {tmdb-603692} - [Bluray-2160p][TrueHD Atmos 7.1][DV HDR10][x265]-SPHD.mkv,/mnt/synology/rs-4kmedia/4kmovies/John Wick Chapter 4 (2023)/John Wick Chapter 4 (2023) {tmdb-603692} - [Bluray-2160p][TrueHD Atmos 7.1][DV HDR10][x265]-SPHD.mkv,John Wick Chapter 4 (2023)/John Wick Chapter 4 (2023) {tmdb-603692} - [Bluray-2160p][TrueHD Atmos 7.1][DV HDR10][x265]-SPHD.mkv,47347063614,44.1,2160p,3840,1608,H.265,TrueHD,DV HDR10,BluRay,,169.3,37.29,,603692,,2023,,,
300 (2007),300 (2007),300 (2007) {tmdb-1271} - [Remux-2160p][TrueHD Atmos 7.1][HDR10][HEVC]-FraMeSToR.mkv,/mnt/synology/rs-4kmedia/4kmovies/300 (2007)/300 (2007) {tmdb-1271} - [Remux-2160p][TrueHD Atmos 7.1][HDR10][HEVC]-FraMeSToR.mkv,300 (2007)/300 (2007) {tmdb-1271} - [Remux-2160p][TrueHD Atmos 7.1][HDR10][HEVC]-FraMeSToR.mkv,56679095113,52.79,2160p,3840,2160,H.265,TrueHD,HDR10,Remux,,116.6,64.79,,1271,,2007,,,
Deadpool and Wolverine (2024),Deadpool and Wolverine (2024),Deadpool and Wolverine (2024) {tmdb-533535} - [WEBDL-2160p][EAC3 Atmos 5.1][DV HDR10Plus][h265]-FLUX.mkv,/mnt/synology/rs-4kmedia/4kmovies/Deadpool and Wolverine (2024)/Deadpool and Wolverine (2024) {tmdb-533535} - [WEBDL-2160p][EAC3 Atmos 5.1][DV HDR10Plus][h265]-FLUX.mkv,Deadpool and Wolverine (2024)/Deadpool and Wolverine (2024) {tmdb-533535} - [WEBDL-2160p][EAC3 Atmos 5.1][DV HDR10Plus][h265]-FLUX.mkv,24136164635,22.48,2160p,3840,1608,H.265,DD+,DV HDR10,WEB-DL,,127.8,25.18,,533535,,2024,,,
Bram Stokers Dracula (1992),Bram Stokers Dracula (1992),Bram Stokers Dracula (1992) {tmdb-6114} - [Remux-2160p][TrueHD Atmos 7.1][HDR10][HEVC]-BluDragon.mkv,/mnt/synology/rs-4kmedia/4kmovies/Bram Stokers Dracula (1992)/Bram Stokers Dracula (1992) {tmdb-6114} - [Remux-2160p][TrueHD Atmos 7.1][HDR10][HEVC]-BluDragon.mkv,Bram Stokers Dracula (1992)/Bram Stokers Dracula (1992) {tmdb-6114} - [Remux-2160p][TrueHD Atmos 7.1][HDR10][HEVC]-BluDragon.mkv,53834216542,50.14,2160p,3840,2160,H.265,TrueHD,HDR10,Remux,,127.4,56.36,,6114,,1992,,,
Fast and Furious 6 (2013),Fast and Furious 6 (2013),Fast and Furious 6 (2013) {tmdb-82992} - [Remux-2160p Proper][DTS-HD MA 5.1][HDR10][h265].mkv,/mnt/synology/rs-4kmedia/4kmovies/Fast and Furious 6 (2013)/Fast and Furious 6 (2013) {tmdb-82992} - [Remux-2160p Proper][DTS-HD MA 5.1][HDR10][h265].mkv,Fast and Furious 6 (2013)/Fast and Furious 6 (2013) {tmdb-82992} - [Remux-2160p Proper][DTS-HD MA 5.1][HDR10][h265].mkv,46772337668,43.56,2160p,3840,2160,H.265,DTS-HD,HDR10,Remux,,131.0,47.59,,82992,,2013,,,
King Kong vs. Godzilla (1962),King Kong vs. Godzilla (1962),King Kong vs. Godzilla (1962) {tmdb-1680} - [Bluray-2160p][TrueHD Atmos 7.1][HDR10][x265]-HDChina.mkv,/mnt/synology/rs-4kmedia/4kmovies/King Kong vs. Godzilla (1962)/King Kong vs. Godzilla (1962) {tmdb-1680} - [Bluray-2160p][TrueHD Atmos 7.1][HDR10][x265]-HDChina.mkv,King Kong vs. Godzilla (1962)/King Kong vs. Godzilla (1962) {tmdb-1680} - [Bluray-2160p][TrueHD Atmos 7.1][HDR10][x265]-HDChina.mkv,29236595633,27.23,2160p,3840,1608,H.265,TrueHD,HDR10,BluRay,,113.1,34.45,,1680,,1962,,,
The Hunger Games Mockingjay Part 1 (2014),The Hunger Games Mockingjay Part 1 (2014),The Hunger Games Mockingjay Part 1 (2014) {tmdb-131631} - [Remux-2160p][TrueHD Atmos 7.1][DV HDR10][h265].mkv,/mnt/synology/rs-4kmedia/4kmovies/The Hunger Games Mockingjay Part 1 (2014)/The Hunger Games Mockingjay Part 1 (2014) {tmdb-131631} - [Remux-2160p][TrueHD Atmos 7.1][DV HDR10][h265].mkv,The Hunger Games Mockingjay Part 1 (2014)/The Hunger Games Mockingjay Part 1 (2014) {tmdb-131631} - [Remux-2160p][TrueHD Atmos 7.1][DV HDR10][h265].mkv,66459734633,61.9,2160p,3840,2160,H.265,TrueHD,DV HDR10,Remux,,123.3,71.89,,131631,,2014,,,
The Hunger Games Mockingjay Part 2 (2015),The Hunger Games Mockingjay Part 2 (2015),The Hunger Games Mockingjay Part 2 (2015) {tmdb-131634} - [Remux-2160p][TrueHD Atmos 7.1][DV HDR10][h265].mkv,/mnt/synology/rs-4kmedia/4kmovies/The Hunger Games Mockingjay Part 2 (2015)/The Hunger Games Mockingjay Part 2 (2015) {tmdb-131634} - [Remux-2160p][TrueHD Atmos 7.1][DV HDR10][h265].mkv,The Hunger Games Mockingjay Part 2 (2015)/The Hunger Games Mockingjay Part 2 (2015) {tmdb-131634} - [Remux-2160p][TrueHD Atmos 7.1][DV HDR10][h265].mkv,76169855199,70.94,2160p,3840,2160,H.265,TrueHD,DV HDR10,Remux,,137.1,74.07,,131634,,2015,,,
V for Vendetta (2006),V for Vendetta (2006),V for Vendetta (2006) {tmdb-752} - [Remux-2160p][TrueHD Atmos 7.1][HDR10][HEVC]-FraMeSToR.mkv,/mnt/synology/rs-4kmedia/4kmovies/V for Vendetta (2006)/V for Vendetta (2006) {tmdb-752} - [Remux-2160p][TrueHD Atmos 7.1][HDR10][HEVC]-FraMeSToR.mkv,V for Vendetta (2006)/V for Vendetta (2006) {tmdb-752} - [Remux-2160p][TrueHD Atmos 7.1][HDR10][HEVC]-FraMeSToR.mkv,70846905011,65.98,2160p,3840,2160,H.265,TrueHD,HDR10,Remux,,132.6,71.26,,752,,2006,,,
The Tank (2025),The Tank (2025),The Tank (2025) {tmdb-1252037} - [AMZN][WEBDL-2160p][EAC3 5.1][DV HDR10Plus][h265]-ZeroTwo.mkv,/mnt/synology/rs-4kmedia/4kmovies/The Tank (2025)/The Tank (2025) {tmdb-1252037} - [AMZN][WEBDL-2160p][EAC3 5.1][DV HDR10Plus][h265]-ZeroTwo.mkv,The Tank (2025)/The Tank (2025) {tmdb-1252037} - [AMZN][WEBDL-2160p][EAC3 5.1][DV HDR10Plus][h265]-ZeroTwo.mkv,14148374242,13.18,2160p,3840,1744,H.265,DD+,DV HDR10,WEB-DL,,117.9,15.99,,1252037,,2025,,,
The Immaculate Room (2022),The Immaculate Room (2022),The Immaculate Room (2022) {tmdb-806929} - [WEBDL-2160p][AC3 5.1][HEVC]-CMRG.mkv,/mnt/synology/rs-4kmedia/4kmovies/The Immaculate Room (2022)/The Immaculate Room (2022) {tmdb-806929} - [WEBDL-2160p][AC3 5.1][HEVC]-CMRG.mkv,The Immaculate Room (2022)/The Immaculate Room (2022) {tmdb-806929} - [WEBDL-2160p][AC3 5.1][HEVC]-CMRG.mkv,8489545107,7.91,2160p,3836,1600,H.265,DD,,WEB-DL,,92.2,12.28,,806929,,2022,,,
The Age of Disclosure (2025),The Age of Disclosure (2025),The Age of Disclosure (2025) {tmdb-1422166} - [AMZN][WEBDL-2160p][EAC3 5.1][h265]-FLUX.mkv,/mnt/synology/rs-4kmedia/4kmovies/The Age of Disclosure (2025)/The Age of Disclosure (2025) {tmdb-1422166} - [AMZN][WEBDL-2160p][EAC3 5.1][h265]-FLUX.mkv,The Age of Disclosure (2025)/The Age of Disclosure (2025) {tmdb-1422166} - [AMZN][WEBDL-2160p][EAC3 5.1][h265]-FLUX.mkv,12757217295,11.88,2160p,3840,1920,H.265,DD+,,WEB-DL,,110.2,15.44,,1422166,,2025,,,
Superman Batman Public Enemies (2009),Superman Batman Public Enemies (2009),Superman Batman Public Enemies (2009) {tmdb-22855} - [Bluray-1080p][AC3 2.0][x264]-D4KiD.mkv,/mnt/synology/rs-4kmedia/4kmovies/Superman Batman Public Enemies (2009)/Superman Batman Public Enemies (2009) {tmdb-22855} - [Bluray-1080p][AC3 2.0][x264]-D4KiD.mkv,Superman Batman Public Enemies (2009)/Superman Batman Public Enemies (2009) {tmdb-22855} - [Bluray-1080p][AC3 2.0][x264]-D4KiD.mkv,4695837368,4.37,2160p,1920,1080,H.264,DD,,BluRay,,67.0,9.34,,22855,,2009,,,
The Shawshank Redemption (1994),The Shawshank Redemption (1994),The Shawshank Redemption (1994) {tmdb-278} - [MA][WEBDL-2160p][DTS-HD MA 5.1][DV HDR10][h265]-TheFarm.mkv,/mnt/synology/rs-4kmedia/4kmovies/The Shawshank Redemption (1994)/The Shawshank Redemption (1994) {tmdb-278} - [MA][WEBDL-2160p][DTS-HD MA 5.1][DV HDR10][h265]-TheFarm.mkv,The Shawshank Redemption (1994)/The Shawshank Redemption (1994) {tmdb-278} - [MA][WEBDL-2160p][DTS-HD MA 5.1][DV HDR10][h265]-TheFarm.mkv,31168071031,29.03,2160p,3840,2160,H.265,DTS-HD,DV HDR10,WEB-DL,,142.5,29.16,,278,,1994,,,
The Fifth Element (1997),The Fifth Element (1997),The Fifth Element (1997) {tmdb-18} - [Bluray-2160p][TrueHD Atmos 7.1][DV HDR10][x265]-W4NK3R.mkv,/mnt/synology/rs-4kmedia/4kmovies/The Fifth Element (1997)/The Fifth Element (1997) {tmdb-18} - [Bluray-2160p][TrueHD Atmos 7.1][DV HDR10][x265]-W4NK3R.mkv,The Fifth Element (1997)/The Fifth Element (1997) {tmdb-18} - [Bluray-2160p][TrueHD Atmos 7.1][DV HDR10][x265]-W4NK3R.mkv,60818460405,56.64,2160p,3840,1604,H.265,TrueHD,DV HDR10,BluRay,,126.5,64.11,,18,,1997,,,
Pacific Rim (2013),Pacific Rim (2013),Pacific Rim (2013) {tmdb-68726} - [Bluray-2160p][AC3 5.1][HDR10][x265]-BHDStudio.mp4,/mnt/synology/rs-4kmedia/4kmovies/Pacific Rim (2013)/Pacific Rim (2013) {tmdb-68726} - [Bluray-2160p][AC3 5.1][HDR10][x265]-BHDStudio.mp4,Pacific Rim (2013)/Pacific Rim (2013) {tmdb-68726} - [Bluray-2160p][AC3 5.1][HDR10][x265]-BHDStudio.mp4,16237278138,15.12,2160p,3840,2160,H.265,DD,HDR10,BluRay,,131.3,16.49,,68726,,2013,,,
Star Trek II The Wrath of Khan (1982),Star Trek II The Wrath of Khan (1982),Star Trek II The Wrath of Khan (1982) {tmdb-154} - {edition-Director's Cut} [Bluray-2160p][AC3 5.1][HDR10][x265]-BHDStudio.mp4,/mnt/synology/rs-4kmedia/4kmovies/Star Trek II The Wrath of Khan (1982)/Star Trek II The Wrath of Khan (1982) {tmdb-154} - {edition-Director's Cut} [Bluray-2160p][AC3 5.1][HDR10][x265]-BHDStudio.mp4,Star Trek II The Wrath of Khan (1982)/Star Trek II The Wrath of Khan (1982) {tmdb-154} - {edition-Director's Cut} [Bluray-2160p][AC3 5.1][HDR10][x265]-BHDStudio.mp4,14451945376,13.46,2160p,3840,1604,H.265,DD,HDR10,BluRay,,116.5,16.54,,154,,1982,,,
Star Trek III The Search for Spock (1984),Star Trek III The Search for Spock (1984),Star Trek III The Search for Spock (1984) {tmdb-157} - [Bluray-2160p][AC3 5.1][HDR10][x265]-BHDStudio.mp4,/mnt/synology/rs-4kmedia/4kmovies/Star Trek III The Search for Spock (1984)/Star Trek III The Search for Spock (1984) {tmdb-157} - [Bluray-2160p][AC3 5.1][HDR10][x265]-BHDStudio.mp4,Star Trek III The Search for Spock (1984)/Star Trek III The Search for Spock (1984) {tmdb-157} - [Bluray-2160p][AC3 5.1][HDR10][x265]-BHDStudio.mp4,13058655948,12.16,2160p,3840,1632,H.265,DD,HDR10,BluRay,,105.2,16.55,,157,,1984,,,
Star Trek IV The Voyage Home (1986),Star Trek IV The Voyage Home (1986),Star Trek IV The Voyage Home (1986) {tmdb-168} - [Bluray-2160p][AC3 5.1][HDR10][x265]-BHDStudio.mp4,/mnt/synology/rs-4kmedia/4kmovies/Star Trek IV The Voyage Home (1986)/Star Trek IV The Voyage Home (1986) {tmdb-168} - [Bluray-2160p][AC3 5.1][HDR10][x265]-BHDStudio.mp4,Star Trek IV The Voyage Home (1986)/Star Trek IV The Voyage Home (1986) {tmdb-168} - [Bluray-2160p][AC3 5.1][HDR10][x265]-BHDStudio.mp4,14712828878,13.7,2160p,3840,1632,H.265,DD,HDR10,BluRay,,118.9,16.51,,168,,1986,,,
The Suicide Squad (2021),The Suicide Squad (2021),The Suicide Squad (2021) {tmdb-436969} - [Bluray-2160p][AC3 5.1][HDR10Plus][x265]-BHDStudio.mp4,/mnt/synology/rs-4kmedia/4kmovies/The Suicide Squad (2021)/The Suicide Squad (2021) {tmdb-436969} - [Bluray-2160p][AC3 5.1][HDR10Plus][x265]-BHDStudio.mp4,The Suicide Squad (2021)/The Suicide Squad (2021) {tmdb-436969} - [Bluray-2160p][AC3 5.1][HDR10Plus][x265]-BHDStudio.mp4,16431744890,15.3,2160p,3840,2024,H.265,DD,HDR10+,BluRay,,132.1,16.58,,436969,,2021,,,
